TIMESTAMP,PLANT,SOIL_MOISTURE
2025-04-05 07:12:00,Spinach,24.838829510235342
2025-04-02 18:21:36,Chives,21.76009220505486
2025-04-02 15:57:36,Spinach,26.788871364219943
2025-04-05 12:36:00,Chives,22.069654822234224
2025-04-02 10:40:48,Spinach,22.41653128845702
2025-04-02 08:45:36,Spinach,24.620309860366238
2025-04-05 16:33:36,Chives,22.365701070656797
2025-04-04 15:43:12,Spinach,24.580819844658162
2025-04-01 07:48:00,Chives,24.034360042856235
2025-04-02 14:45:36,Spinach,25.58380197259144
2025-04-01 06:43:12,Chives,20.741173715166042
2025-04-02 11:02:24,Spinach,24.992714906152127
2025-04-01 14:09:36,Spinach,25.241318856057962
2025-04-03 22:04:48,Chives,22.272799382587742
2025-04-02 20:52:48,Chives,25.229773686267336
2025-04-02 09:00:00,Chives,22.693155211394906
2025-04-04 17:31:12,Chives,22.280150146715616
2025-04-01 15:21:36,Chives,22.14947704763146
2025-04-04 05:31:12,Spinach,24.77542688199454
2025-04-05 06:14:24,Spinach,23.567635801892223
2025-04-04 08:52:48,Chives,19.88873245792327
2025-04-04 07:40:48,Spinach,26.55639345587333
2025-04-05 21:43:12,Spinach,23.344458202253282
2025-04-01 09:57:36,Spinach,27.492097580273008
2025-04-05 14:38:24,Spinach,23.71270836911223
2025-04-01 11:52:48,Chives,21.648119299937278
2025-04-01 21:28:48,Spinach,23.675692819341073
2025-04-05 19:40:48,Chives,21.86539645856916
2025-04-04 23:02:24,Chives,22.40736825579306
2025-04-01 03:28:48,Chives,21.562459375310084
2025-04-04 03:21:36,Chives,22.08358736843304
2025-04-05 17:16:48,Chives,24.7699554940715
2025-04-03 20:38:24,Chives,22.490391060646242
2025-04-05 12:50:24,Chives,23.11938034904083
2025-04-01 09:36:00,Spinach,24.58161743871057
2025-04-03 06:00:00,Chives,21.905981354090244
2025-04-04 01:04:48,Spinach,24.697175797448455
2025-04-02 10:48:00,Spinach,25.466294325437158
2025-04-01 09:21:36,Spinach,26.800911748761173
2025-04-02 06:28:48,Chives,19.72094505106898
2025-04-01 14:52:48,Chives,22.880285640700407
2025-04-05 15:14:24,Spinach,24.656794933743868
2025-04-02 06:07:12,Chives,23.376792920582165
2025-04-03 22:12:00,Chives,22.372330879450505
2025-04-03 20:09:36,Spinach,23.12494497173615
2025-04-05 02:52:48,Chives,21.331746217898843
2025-04-03 12:50:24,Chives,20.704013845480276
2025-04-05 10:40:48,Chives,23.66305537087436
2025-04-01 08:24:00,Chives,22.54209340826262
2025-04-04 00:57:36,Spinach,25.387695127739235
2025-04-03 15:50:24,Spinach,25.38780125702174
2025-04-02 05:38:24,Chives,21.020006151139434
2025-04-03 06:00:00,Spinach,25.370599615118756
2025-04-02 01:26:24,Chives,23.431002645239804
2025-04-05 13:04:48,Chives,25.244882084958192
2025-04-04 16:55:12,Spinach,24.797413932171988
2025-04-02 05:16:48,Spinach,24.220866945920793
2025-04-04 11:31:12,Spinach,23.79960241047331
2025-04-01 21:50:24,Spinach,26.101979927202777
2025-04-02 19:19:12,Chives,24.299108369503866
2025-04-03 08:45:36,Spinach,25.017625833675037
2025-04-04 09:21:36,Chives,23.40351758972119
2025-04-04 02:31:12,Spinach,23.27406642601916
2025-04-01 10:40:48,Spinach,24.764380181098026
2025-04-05 22:26:24,Spinach,25.61941394453795
2025-04-05 05:38:24,Spinach,23.9605901821426
2025-04-05 22:26:24,Chives,23.316043435863506
2025-04-03 13:26:24,Spinach,24.139813215276636
2025-04-01 13:19:12,Chives,21.960229186826176
2025-04-03 10:26:24,Spinach,22.88702942562307
2025-04-03 06:21:36,Spinach,28.122019737016473
2025-04-02 21:57:36,Chives,21.21136746747886
2025-04-02 23:24:00,Spinach,25.22161636703789
2025-04-01 06:28:48,Spinach,24.339633815385497
2025-04-04 18:36:00,Chives,25.948573097256087
2025-04-02 14:52:48,Chives,20.490973927750446
2025-04-04 02:45:36,Spinach,24.198227097353207
2025-04-04 22:26:24,Chives,22.688770118842655
2025-04-02 20:09:36,Chives,22.146514147823247
2025-04-05 02:16:48,Spinach,23.81538456741858
2025-04-01 08:16:48,Chives,21.032320368092314
2025-04-05 06:50:24,Chives,22.707123334579606
2025-04-03 09:57:36,Spinach,24.520436577262476
2025-04-03 18:36:00,Spinach,25.440838608179412
2025-04-04 10:55:12,Spinach,24.43011561205297
2025-04-03 08:52:48,Spinach,24.058122024301312
2025-04-04 23:45:36,Spinach,26.291208566318318
2025-04-03 09:21:36,Chives,26.618321212682858
2025-04-02 09:43:12,Chives,22.99319601178157
2025-04-04 05:38:24,Spinach,26.182875994815834
2025-04-03 18:43:12,Spinach,26.0963015514799
2025-04-04 15:28:48,Spinach,27.205820412154146
2025-04-02 01:12:00,Chives,22.856335766039752
2025-04-02 11:38:24,Chives,22.460949281314914
2025-04-05 10:04:48,Spinach,24.96831309164929
2025-04-05 03:57:36,Spinach,25.34454899824219
2025-04-04 06:07:12,Chives,23.689847544321637
2025-04-02 03:57:36,Spinach,28.09565120518518
2025-04-03 12:14:24,Spinach,24.018161339893233
2025-04-05 15:43:12,Spinach,25.596039067883826
2025-04-05 13:55:12,Chives,22.91184476457481
2025-04-05 23:09:36,Chives,20.977023628003302
2025-04-03 03:28:48,Chives,19.361890770365328
2025-04-02 20:24:00,Spinach,24.792464728091893
2025-04-02 04:40:48,Chives,23.278650002194336
2025-04-05 09:28:48,Chives,23.782589910172128
2025-04-04 02:24:00,Chives,20.814288316832034
2025-04-02 06:43:12,Chives,23.900366723779936
2025-04-04 01:19:12,Chives,21.916622993634316
2025-04-03 17:16:48,Chives,18.292533249809065
2025-04-04 20:31:12,Chives,21.1562998361586
2025-04-03 02:16:48,Spinach,25.609402907547548
2025-04-01 04:55:12,Spinach,24.44933888455727
2025-04-04 22:40:48,Spinach,26.608540535227775
2025-04-04 19:04:48,Chives,23.050464819113486
2025-04-02 21:50:24,Chives,18.81415641353529
2025-04-01 12:21:36,Spinach,24.83249244621379
2025-04-05 20:45:36,Chives,21.021064031046414
2025-04-02 18:14:24,Chives,23.28648943480303
2025-04-04 00:36:00,Spinach,23.856005670089544
2025-04-05 03:00:00,Spinach,25.53032877948329
2025-04-01 04:19:12,Spinach,23.52908120439719
2025-04-01 12:50:24,Spinach,23.735901324191612
2025-04-03 11:16:48,Chives,24.284686115904485
2025-04-02 23:09:36,Chives,24.747188148781532
2025-04-03 17:31:12,Spinach,23.80193747297405
2025-04-03 07:40:48,Chives,21.831507925463754
2025-04-05 10:19:12,Chives,22.875892277988946
2025-04-01 23:09:36,Spinach,25.383738320971045
2025-04-02 19:55:12,Chives,22.336138722715624
2025-04-05 11:09:36,Spinach,24.868468235289004
2025-04-05 08:45:36,Spinach,25.935592638723207
2025-04-04 17:16:48,Chives,22.776488530703684
2025-04-03 15:28:48,Chives,20.643525062343386
2025-04-05 00:14:24,Chives,22.144181165411474
2025-04-02 02:45:36,Spinach,25.496558916941797
2025-04-05 21:21:36,Spinach,24.07254679861167
2025-04-05 12:36:00,Spinach,25.537260310972332
2025-04-04 11:52:48,Spinach,25.21549813832752
2025-04-03 17:16:48,Spinach,24.277345527565863
2025-04-02 13:33:36,Spinach,25.669372367622234
2025-04-02 12:43:12,Chives,23.916497343682636
2025-04-04 07:55:12,Spinach,23.800837321246107
2025-04-05 07:26:24,Chives,24.321257801995092
2025-04-03 19:55:12,Spinach,25.080388860669846
2025-04-03 15:36:00,Chives,22.95788868816606
2025-04-04 06:28:48,Chives,25.86003970487479
2025-04-02 07:04:48,Spinach,24.933077106810753
2025-04-02 03:57:36,Chives,21.022599478591275
2025-04-01 14:24:00,Chives,23.18654792056457
2025-04-04 11:38:24,Spinach,24.18670603537018
2025-04-05 17:52:48,Chives,22.36500917398404
2025-04-04 02:02:24,Chives,23.08864993584804
2025-04-01 21:21:36,Spinach,23.8136906714189
2025-04-02 12:50:24,Chives,21.112642916746257
2025-04-01 16:12:00,Chives,24.32490160752631
2025-04-03 18:28:48,Chives,22.506403993112805
2025-04-04 08:45:36,Spinach,23.8931077786018
2025-04-03 21:57:36,Chives,25.406039286706594
2025-04-04 04:48:00,Spinach,25.02906334800731
2025-04-04 08:24:00,Chives,23.869127788746443
2025-04-05 04:04:48,Chives,21.947972668919828
2025-04-01 13:04:48,Chives,21.88833112635075
2025-04-01 19:40:48,Spinach,26.22708451841157
2025-04-05 19:04:48,Spinach,25.267886696954992
2025-04-03 07:40:48,Spinach,24.303371860234332
2025-04-04 15:21:36,Spinach,25.44074477608161
2025-04-02 05:02:24,Spinach,24.301982903261628
2025-04-02 01:19:12,Chives,23.7033484602709
2025-04-04 20:02:24,Spinach,24.788937025081196
2025-04-01 14:24:00,Spinach,26.32663111954958
2025-04-04 09:28:48,Chives,23.907332642491237
2025-04-05 18:00:00,Spinach,22.87236103815174
2025-04-05 04:33:36,Spinach,24.960124011226647
2025-04-03 01:19:12,Chives,20.313036862243198
2025-04-02 14:52:48,Spinach,25.077369297772144
2025-04-04 21:50:24,Chives,22.570296776508943
2025-04-02 17:24:00,Spinach,23.218122437860117
2025-04-05 08:52:48,Chives,21.950309540689304
2025-04-04 06:14:24,Spinach,25.233261161892802
2025-04-02 09:21:36,Spinach,25.230458939788036
2025-04-04 22:12:00,Chives,23.621171088331934
2025-04-05 02:09:36,Spinach,24.746643713406765
2025-04-01 23:45:36,Spinach,25.268696960877595
2025-04-05 00:50:24,Chives,21.281877067504784
2025-04-04 13:26:24,Chives,21.182621369786574
2025-04-05 22:48:00,Spinach,25.96049143027322
2025-04-04 07:04:48,Spinach,26.367854273354855
2025-04-01 22:48:00,Spinach,25.12645060737515
2025-04-02 03:00:00,Spinach,24.844215160319887
2025-04-04 00:14:24,Chives,23.30440888015849
2025-04-02 08:24:00,Chives,24.161909933599173
2025-04-02 22:04:48,Spinach,25.890514446411167
2025-04-02 03:43:12,Chives,22.324687884372963
2025-04-01 05:52:48,Chives,19.3554397669559
2025-04-03 07:26:24,Chives,20.950411738011123
2025-04-01 12:36:00,Spinach,23.752112887449364
2025-04-05 06:36:00,Chives,21.143880559375784
2025-04-04 11:09:36,Chives,22.923903410416397
2025-04-03 18:07:12,Spinach,24.75559149978764
2025-04-05 08:38:24,Spinach,24.63035885897711
2025-04-03 15:07:12,Chives,19.558686343175257
2025-04-01 20:45:36,Chives,22.511727962224967
2025-04-04 14:24:00,Chives,22.46170265333809
2025-04-03 01:40:48,Chives,22.498471017969386
2025-04-02 04:26:24,Chives,22.27968147215414
2025-04-03 08:38:24,Spinach,24.8391793999925
2025-04-02 16:12:00,Spinach,24.595496834658352
2025-04-01 07:33:36,Spinach,22.91234346546628
2025-04-01 02:45:36,Chives,19.862877720679815
2025-04-04 19:55:12,Spinach,27.605131260997375
2025-04-01 07:33:36,Chives,20.205690063878993
2025-04-02 10:40:48,Chives,21.065950720269107
2025-04-01 22:33:36,Chives,20.729809422897393
2025-04-04 12:07:12,Chives,23.573513838755336
2025-04-05 01:40:48,Spinach,24.677763222513
2025-04-01 16:26:24,Spinach,23.52687062183561
2025-04-02 18:28:48,Chives,21.97147568814597
2025-04-03 01:55:12,Chives,24.326727963283783
2025-04-02 05:24:00,Spinach,23.531271679885293
2025-04-05 15:36:00,Chives,21.167200709960202
2025-04-01 23:31:12,Chives,20.6742138456983
2025-04-03 21:28:48,Chives,23.715631064810395
2025-04-01 16:04:48,Spinach,24.70701203765122
2025-04-05 01:33:36,Spinach,26.076207179038636
2025-04-05 16:04:48,Spinach,28.173212016420443
2025-04-03 03:57:36,Chives,23.076313383693943
2025-04-01 12:00:00,Chives,19.87694388692438
2025-04-04 06:28:48,Spinach,25.406180612154028
2025-04-02 23:16:48,Chives,23.76916018108193
2025-04-05 16:33:36,Spinach,26.302943589927217
2025-04-02 02:24:00,Chives,25.47198785001026
2025-04-04 09:00:00,Spinach,24.61321543694639
2025-04-03 11:38:24,Spinach,26.450039476711773
2025-04-04 22:04:48,Spinach,25.098927703521404
2025-04-02 17:16:48,Chives,21.293442541572517
2025-04-01 03:14:24,Spinach,25.144037592061913
2025-04-05 10:33:36,Chives,22.885982246038463
2025-04-02 18:00:00,Spinach,23.59586436872877
2025-04-03 18:14:24,Chives,23.75167309248971
2025-04-04 17:09:36,Chives,22.03913657531625
2025-04-03 16:55:12,Spinach,27.126701916003693
2025-04-03 16:33:36,Chives,23.50943921382166
2025-04-05 12:43:12,Chives,19.96021578853012
2025-04-02 23:16:48,Spinach,24.56161413842547
2025-04-01 13:48:00,Chives,22.45232101350042
2025-04-05 03:28:48,Chives,21.57732308670924
2025-04-05 16:26:24,Spinach,25.56123180611852
2025-04-05 00:57:36,Chives,23.883634188360283
2025-04-02 13:12:00,Spinach,24.969967649505826
2025-04-01 00:28:48,Spinach,25.83786797633631
2025-04-02 12:36:00,Chives,22.17599107496317
2025-04-01 12:00:00,Spinach,26.197612131831583
2025-04-03 09:28:48,Chives,23.679362367151864
2025-04-03 02:45:36,Spinach,23.992948399193192
2025-04-01 09:00:00,Spinach,24.407492100206426
2025-04-03 20:24:00,Chives,22.02762756878433
2025-04-04 02:09:36,Chives,22.72151384760507
2025-04-05 11:38:24,Spinach,26.918376604605662
2025-04-02 07:48:00,Spinach,23.303542603714025
2025-04-01 09:21:36,Chives,22.137641164803252
2025-04-05 13:19:12,Spinach,27.677560175431157
2025-04-01 03:50:24,Chives,21.979754162893098
2025-04-03 16:26:24,Spinach,24.360758992405707
2025-04-01 03:57:36,Spinach,25.77663512764329
2025-04-03 19:26:24,Spinach,22.09091168767247
2025-04-02 18:07:12,Chives,24.213034325424328
2025-04-01 19:33:36,Chives,20.768976522472435
2025-04-02 00:21:36,Chives,23.580703078052355
2025-04-01 06:21:36,Spinach,25.31280851898869
2025-04-02 19:40:48,Spinach,26.43588580199739
2025-04-05 19:55:12,Spinach,24.763193895631208
2025-04-03 11:24:00,Chives,22.80836506552699
2025-04-04 02:52:48,Spinach,27.247957331461055
2025-04-05 19:48:00,Spinach,25.1074968175063
2025-04-05 19:26:24,Spinach,25.625346914055207
2025-04-04 01:12:00,Chives,22.981548484531086
2025-04-03 03:50:24,Chives,21.595889748333164
2025-04-03 10:55:12,Spinach,28.069839142801904
2025-04-02 02:09:36,Chives,21.271954678256346
2025-04-05 15:36:00,Spinach,23.5245404866571
2025-04-03 07:48:00,Spinach,25.70629408530473
2025-04-04 03:36:00,Chives,19.46130305542777
2025-04-02 21:43:12,Spinach,24.414506310225157
2025-04-02 12:07:12,Spinach,26.19045081944383
2025-04-01 07:04:48,Chives,23.46331769068354
2025-04-02 11:45:36,Chives,23.21929317825844
2025-04-04 13:12:00,Spinach,26.32849680314437
2025-04-01 08:45:36,Chives,24.346965483721007
2025-04-01 19:26:24,Chives,23.737893368511106
2025-04-02 08:52:48,Spinach,26.45571723997502
2025-04-03 23:09:36,Spinach,26.084721809303435
2025-04-03 03:57:36,Spinach,24.300307073717274
2025-04-04 01:26:24,Spinach,26.05973173257659
2025-04-03 22:55:12,Chives,21.283513829852325
2025-04-02 13:55:12,Chives,23.022929456942446
2025-04-01 05:24:00,Chives,20.920233687407936
2025-04-04 14:16:48,Spinach,24.477416355316187
2025-04-05 03:43:12,Spinach,25.2798593575162
2025-04-03 03:14:24,Chives,23.029077189997658
2025-04-03 21:43:12,Chives,21.3770681291488
2025-04-01 09:07:12,Chives,22.130570602357256
2025-04-05 13:55:12,Spinach,24.054659497710112
2025-04-03 01:40:48,Spinach,24.22777812354383
2025-04-04 21:36:00,Chives,22.26655150139988
2025-04-05 14:16:48,Spinach,24.433491306763447
2025-04-01 20:45:36,Spinach,24.924888246520574
2025-04-02 14:16:48,Spinach,24.775634436417466
2025-04-05 16:26:24,Chives,23.06253467094903
2025-04-01 03:36:00,Chives,21.097440081655904
2025-04-01 10:55:12,Spinach,24.95533331618819
2025-04-04 01:48:00,Spinach,28.831729081413833
2025-04-02 03:28:48,Spinach,27.65262760190962
2025-04-05 20:52:48,Chives,21.33072485017783
2025-04-01 10:04:48,Spinach,25.458322542677863
2025-04-03 13:40:48,Chives,21.134843004147502
2025-04-03 18:00:00,Spinach,24.879815108224058
2025-04-03 20:02:24,Spinach,25.61912706124492
2025-04-05 01:12:00,Spinach,24.420326737979874
2025-04-03 20:45:36,Spinach,23.372101834451914
2025-04-01 05:16:48,Chives,19.782217014448857
2025-04-04 10:19:12,Spinach,24.442459243241927
2025-04-01 20:09:36,Chives,21.631917825995693
2025-04-02 12:21:36,Chives,22.915555398150197
2025-04-05 22:48:00,Chives,22.31257421192133
2025-04-03 18:36:00,Chives,21.382184550816298
2025-04-05 14:52:48,Spinach,27.48889920369997
2025-04-04 00:50:24,Chives,20.133017945032876
2025-04-04 02:09:36,Spinach,24.488370884553348
2025-04-04 18:50:24,Chives,22.27725418554231
2025-04-03 04:33:36,Chives,19.444926340967267
2025-04-03 21:50:24,Chives,22.949172799159427
2025-04-03 14:09:36,Spinach,23.770975810804956
2025-04-03 15:14:24,Chives,22.07212741999207
2025-04-02 17:02:24,Chives,22.367449856663086
2025-04-04 16:19:12,Spinach,23.735581097024376
2025-04-02 20:02:24,Chives,22.01888860117269
2025-04-01 22:12:00,Chives,23.07100074113814
2025-04-01 13:55:12,Spinach,27.88409870228593
2025-04-04 18:28:48,Spinach,25.613443119429977
2025-04-03 03:00:00,Spinach,22.640372092748798
2025-04-02 12:00:00,Chives,20.75650748361689
2025-04-05 12:21:36,Spinach,25.443570630637712
2025-04-05 03:50:24,Chives,20.493788849871898
2025-04-03 17:09:36,Chives,24.16235293098685
2025-04-04 00:00:00,Spinach,24.780524270674192
2025-04-02 18:00:00,Chives,22.466361348397008
2025-04-05 15:50:24,Spinach,24.441627451863937
2025-04-03 13:12:00,Spinach,23.629973063039795
2025-04-05 21:21:36,Chives,19.624145764771416
2025-04-01 21:00:00,Chives,23.240774873554034
2025-04-03 09:50:24,Chives,19.59033051961364
2025-04-03 01:26:24,Spinach,25.54706532649793
2025-04-04 01:12:00,Spinach,24.649826477301346
2025-04-01 14:45:36,Chives,19.89722340581158
2025-04-03 23:52:48,Chives,22.565950739567278
2025-04-04 23:16:48,Spinach,25.255835953885228
2025-04-04 17:24:00,Spinach,25.286042779281743
2025-04-02 21:21:36,Spinach,24.273261352315764
2025-04-01 22:12:00,Spinach,26.12892542558586
2025-04-03 10:12:00,Chives,19.86661943560349
2025-04-02 15:43:12,Chives,20.654118442771253
2025-04-04 22:33:36,Chives,21.89475143281203
2025-04-01 23:16:48,Chives,22.259771388776773
2025-04-04 04:26:24,Chives,22.109976950782606
2025-04-03 08:31:12,Chives,18.547118252896624
2025-04-04 13:33:36,Spinach,26.016906012580506
2025-04-02 14:38:24,Chives,20.77266897514979
2025-04-01 23:31:12,Spinach,24.976434641287984
2025-04-02 07:55:12,Chives,24.448616955897453
2025-04-03 17:09:36,Spinach,24.451484492096473
2025-04-05 00:21:36,Spinach,23.18354272886461
2025-04-01 08:02:24,Chives,23.505299346838036
2025-04-04 16:26:24,Spinach,23.718636494104967
2025-04-03 23:02:24,Spinach,25.523871764989202
2025-04-03 19:33:36,Spinach,26.06085447563326
2025-04-03 09:36:00,Chives,21.80812361277885
2025-04-04 18:43:12,Spinach,24.83506178244677
2025-04-05 13:26:24,Spinach,25.76566132172891
2025-04-03 04:48:00,Spinach,25.795457522400895
2025-04-03 07:12:00,Spinach,24.833852819219473
2025-04-05 10:26:24,Chives,21.46106186381941
2025-04-03 02:38:24,Chives,21.62655377728139
2025-04-04 08:52:48,Spinach,26.93845082736333
2025-04-03 05:52:48,Spinach,25.025525892083273
2025-04-04 19:40:48,Chives,23.723909989428513
2025-04-03 14:16:48,Chives,23.127080685057685
2025-04-03 03:43:12,Spinach,25.978884655047157
2025-04-04 01:33:36,Chives,20.311766429052437
2025-04-03 15:36:00,Spinach,25.169063496293443
2025-04-04 21:50:24,Spinach,23.194335551162798
2025-04-04 06:57:36,Spinach,23.79214892166443
2025-04-03 06:21:36,Chives,22.756069773276767
2025-04-04 15:36:00,Chives,22.293767882646524
2025-04-03 16:04:48,Chives,21.02224583829676
2025-04-05 19:48:00,Chives,24.16017582317421
2025-04-02 10:04:48,Spinach,24.056812647390462
2025-04-04 16:40:48,Spinach,27.05273604709831
2025-04-02 07:19:12,Chives,21.9107119659073
2025-04-03 16:12:00,Chives,22.071098006974623
2025-04-05 20:09:36,Chives,21.939763074033486
2025-04-02 04:48:00,Chives,20.81121889235095
2025-04-05 02:16:48,Chives,23.598220562598026
2025-04-04 11:02:24,Chives,20.378405008600154
2025-04-03 02:24:00,Chives,25.09112188732298
2025-04-01 10:12:00,Spinach,25.516049976629283
2025-04-05 23:45:36,Spinach,24.804319643267483
2025-04-02 19:48:00,Chives,21.398169292171247
2025-04-01 02:38:24,Spinach,24.97077448928682
2025-04-02 04:48:00,Spinach,24.545046710815015
2025-04-03 22:33:36,Chives,23.24550372481637
2025-04-04 16:19:12,Chives,22.384044601470812
2025-04-04 19:19:12,Spinach,25.89055298928627
2025-04-05 16:55:12,Chives,23.308685992420216
2025-04-01 08:31:12,Chives,24.307054849698954
2025-04-03 00:50:24,Spinach,26.801600382346585
2025-04-02 07:04:48,Chives,23.161951080144004
2025-04-01 06:07:12,Chives,21.422376579375523
2025-04-01 23:45:36,Chives,22.087313077669
2025-04-04 22:33:36,Spinach,25.383009412503018
2025-04-04 06:00:00,Chives,24.77343414241802
2025-04-02 15:50:24,Chives,22.11370683729059
2025-04-02 19:04:48,Spinach,25.220031903734988
2025-04-03 23:09:36,Chives,22.50049315793042
2025-04-02 22:55:12,Spinach,24.186741556297473
2025-04-05 00:00:00,Spinach,27.28142882290361
2025-04-02 13:40:48,Spinach,25.012423143812057
2025-04-01 13:19:12,Spinach,25.260919447815667
2025-04-01 00:43:12,Spinach,26.07423186403328
2025-04-02 15:07:12,Spinach,23.872797527417497
2025-04-03 03:07:12,Chives,20.552614809129842
2025-04-03 18:57:36,Spinach,26.791226282751428
2025-04-02 11:09:36,Spinach,26.00618892934197
2025-04-03 22:48:00,Chives,22.10734935582909
2025-04-05 18:50:24,Spinach,28.765298240391992
2025-04-05 21:07:12,Spinach,26.348935263983215
2025-04-01 15:50:24,Spinach,26.936453522870377
2025-04-05 22:12:00,Chives,20.262452966211185
2025-04-02 23:45:36,Chives,21.828190232121074
2025-04-03 13:19:12,Spinach,24.76760864886434
2025-04-03 04:19:12,Chives,24.44292331835694
2025-04-01 23:02:24,Chives,22.321140616195304
2025-04-03 04:12:00,Spinach,25.33909594058596
2025-04-04 01:40:48,Chives,25.668627969425238
2025-04-03 11:09:36,Spinach,25.221461563836446
2025-04-03 21:07:12,Chives,22.35342183716285
2025-04-05 22:19:12,Chives,24.255097452650727
2025-04-03 03:50:24,Spinach,26.032568186031693
2025-04-04 12:43:12,Chives,20.079355971255577
2025-04-02 06:57:36,Spinach,24.15398577308991
2025-04-01 16:55:12,Chives,23.960714131423643
2025-04-02 18:50:24,Spinach,25.470164806483055
2025-04-01 00:14:24,Chives,22.97153280715104
2025-04-02 02:31:12,Spinach,25.371784852272434
2025-04-05 08:16:48,Spinach,24.507022854454497
2025-04-04 02:38:24,Spinach,26.103074721490245
2025-04-02 16:40:48,Chives,21.154413170794037
2025-04-04 20:16:48,Spinach,25.661782451248563
2025-04-03 16:19:12,Spinach,25.61632012788366
2025-04-03 09:57:36,Chives,22.305195453800835
2025-04-02 07:48:00,Chives,20.128325227052727
2025-04-02 21:07:12,Chives,23.308480955081016
2025-04-04 16:55:12,Chives,20.08063454989645
2025-04-01 01:33:36,Spinach,24.172974618292518
2025-04-03 04:40:48,Chives,21.916678451655073
2025-04-02 08:31:12,Chives,19.84620677323084
2025-04-01 22:04:48,Chives,21.664805822011225
2025-04-05 16:40:48,Chives,21.153882053894908
2025-04-02 05:16:48,Chives,20.199555389416336
2025-04-05 15:43:12,Chives,24.821735604160885
2025-04-03 05:24:00,Chives,23.004508823245057
2025-04-03 23:31:12,Chives,21.595187597059944
2025-04-05 02:02:24,Chives,23.334446193435156
2025-04-02 08:38:24,Spinach,23.689224682392904
2025-04-04 09:07:12,Spinach,26.460590224990597
2025-04-03 10:19:12,Chives,21.03014067363621
2025-04-04 09:36:00,Chives,23.082508096064853
2025-04-03 01:48:00,Chives,20.87727019516517
2025-04-02 08:45:36,Chives,22.01534959152938
2025-04-03 08:31:12,Spinach,24.268260514816742
2025-04-05 03:28:48,Spinach,25.022619547533818
2025-04-03 06:28:48,Spinach,25.678611574757852
2025-04-02 06:00:00,Chives,20.108674068497432
2025-04-03 01:33:36,Chives,23.916515232847765
2025-04-02 22:12:00,Spinach,25.35915109648779
2025-04-02 12:50:24,Spinach,24.989057204026956
2025-04-04 13:48:00,Chives,23.654952823024782
2025-04-02 13:12:00,Chives,21.67347819515917
2025-04-05 15:07:12,Chives,21.161617229092617
2025-04-02 21:43:12,Chives,21.100911031833967
2025-04-03 19:48:00,Spinach,24.662406931458143
2025-04-03 03:00:00,Chives,24.052947336298523
2025-04-05 08:52:48,Spinach,26.57237049534353
2025-04-03 15:50:24,Chives,21.900880302029027
2025-04-04 18:14:24,Chives,20.536190120534002
2025-04-04 19:48:00,Chives,20.94523536231117
2025-04-02 18:43:12,Spinach,24.34450666209702
2025-04-03 00:57:36,Chives,22.18044344756785
2025-04-04 01:40:48,Spinach,24.78342410369125
2025-04-04 11:16:48,Chives,22.889651886952574
2025-04-04 16:33:36,Spinach,26.14036911036829
2025-04-03 17:45:36,Chives,22.556718810056964
2025-04-05 16:19:12,Chives,20.46815077430393
2025-04-02 22:40:48,Spinach,24.09589855558458
2025-04-04 00:50:24,Spinach,26.949614150163473
2025-04-05 16:40:48,Spinach,25.117579784165073
2025-04-03 09:43:12,Spinach,24.55260021748988
2025-04-01 21:50:24,Chives,20.39366125290833
2025-04-05 16:48:00,Spinach,25.369660647404924
2025-04-01 19:12:00,Spinach,22.000713142151714
2025-04-01 20:24:00,Chives,20.665728355561715
2025-04-02 11:02:24,Chives,21.115952864583683
2025-04-03 19:19:12,Chives,25.113101197968156
2025-04-03 06:43:12,Spinach,25.904009945325438
2025-04-05 09:07:12,Spinach,24.325398368106036
2025-04-04 06:07:12,Spinach,25.3909555798986
2025-04-05 05:52:48,Chives,21.203504567497273
2025-04-02 08:38:24,Chives,23.74474562823244
2025-04-03 17:52:48,Spinach,26.47231986866117
2025-04-01 04:04:48,Spinach,24.42017624524075
2025-04-04 17:09:36,Spinach,26.394253963129827
2025-04-02 20:31:12,Chives,22.746997436868174
2025-04-04 08:16:48,Spinach,25.656080281841657
2025-04-04 14:31:12,Chives,19.434747411015064
2025-04-04 15:57:36,Chives,19.44612459364324
2025-04-04 21:14:24,Chives,21.628722046672742
2025-04-03 14:09:36,Chives,22.14899845814384
2025-04-02 16:04:48,Chives,23.462679600126627
2025-04-05 05:24:00,Chives,22.738676896012223
2025-04-02 06:07:12,Spinach,26.00023475393071
2025-04-01 06:14:24,Spinach,25.592836223539287
2025-04-05 14:45:36,Spinach,25.28709623693338
2025-04-01 01:48:00,Chives,21.15656870613854
2025-04-04 12:50:24,Chives,24.63219127297655
2025-04-05 12:00:00,Chives,22.553009963309353
2025-04-05 21:28:48,Spinach,25.48846274454944
2025-04-03 20:38:24,Spinach,25.352269518599954
2025-04-05 12:21:36,Chives,23.917677793910947
2025-04-03 07:48:00,Chives,21.668545600700167
2025-04-05 21:14:24,Spinach,26.13703175454743
2025-04-01 23:52:48,Chives,20.285544553254066
2025-04-02 00:43:12,Spinach,24.157609974631892
2025-04-01 06:36:00,Spinach,24.19405195847434
2025-04-01 15:43:12,Spinach,25.50630490508234
2025-04-02 21:28:48,Spinach,27.191211656256325
2025-04-05 23:45:36,Chives,21.143231515325805
2025-04-04 15:14:24,Chives,22.521372558042508
2025-04-04 20:31:12,Spinach,27.034061248516903
2025-04-05 13:04:48,Spinach,25.171531713716448
2025-04-05 02:31:12,Spinach,25.09222225955052
2025-04-03 20:02:24,Chives,20.487870533623894
2025-04-01 05:09:36,Chives,21.548344456616068
2025-04-02 08:52:48,Chives,20.527737023428074
2025-04-01 11:31:12,Spinach,25.09436222837931
2025-04-01 12:07:12,Chives,21.36903201585196
2025-04-02 03:43:12,Spinach,23.356236424505106
2025-04-04 14:31:12,Spinach,24.6885439868993
2025-04-05 03:50:24,Spinach,26.143763960695892
2025-04-01 12:50:24,Chives,22.26186671924776
2025-04-04 02:02:24,Spinach,24.09785073988578
2025-04-03 11:38:24,Chives,21.714491982874588
2025-04-05 21:36:00,Spinach,23.834011918550456
2025-04-05 09:43:12,Chives,21.203696840619518
2025-04-04 18:43:12,Chives,22.739976851321334
2025-04-04 02:16:48,Chives,22.3358260364187
2025-04-01 12:43:12,Spinach,25.735328686075082
2025-04-05 16:12:00,Spinach,23.196435605925817
2025-04-05 01:04:48,Chives,20.658089046670746
2025-04-01 04:26:24,Spinach,23.242750143748218
2025-04-01 08:38:24,Chives,21.946260941335073
2025-04-02 09:57:36,Spinach,26.1480427801535
2025-04-02 08:31:12,Spinach,25.73096574508861
2025-04-02 16:04:48,Spinach,25.178400948642533
2025-04-03 06:57:36,Spinach,26.547703304899294
2025-04-03 09:43:12,Chives,20.566689339099362
2025-04-01 08:09:36,Spinach,24.43875855842573
2025-04-03 12:43:12,Chives,21.111409113641695
2025-04-02 04:26:24,Spinach,24.335694109950406
2025-04-05 07:19:12,Spinach,25.972969927791738
2025-04-05 22:40:48,Spinach,25.51830705360873
2025-04-03 09:07:12,Spinach,24.85486222167066
2025-04-05 07:55:12,Spinach,26.23905544520999
2025-04-03 06:36:00,Spinach,22.88708468901302
2025-04-02 13:19:12,Chives,23.648165277980784
2025-04-05 19:26:24,Chives,22.294781754552204
2025-04-03 00:36:00,Chives,22.93427489852125
2025-04-02 15:36:00,Spinach,26.836900998812435
2025-04-04 05:52:48,Spinach,28.107476370422336
2025-04-02 13:04:48,Chives,21.69671102134916
2025-04-02 03:07:12,Chives,22.096420028643195
2025-04-05 06:50:24,Spinach,24.699944182481257
2025-04-04 13:12:00,Chives,22.316526200803928
2025-04-05 17:09:36,Spinach,24.588169269403107
2025-04-02 21:57:36,Spinach,24.273142092395993
2025-04-04 22:12:00,Spinach,23.250938200642082
2025-04-01 17:45:36,Chives,22.782912348425345
2025-04-03 18:28:48,Spinach,24.728225329718168
2025-04-05 18:43:12,Spinach,22.437190943225566
2025-04-05 15:00:00,Chives,19.715219642824337
2025-04-05 17:02:24,Chives,22.975301766937992
2025-04-05 04:19:12,Chives,24.325750739221114
2025-04-03 21:00:00,Chives,18.683297036488174
2025-04-03 18:50:24,Chives,21.35116271827057
2025-04-02 04:12:00,Spinach,26.96694016653288
2025-04-02 19:12:00,Spinach,24.981628180992406
2025-04-02 17:38:24,Spinach,26.121183893487128
2025-04-01 19:19:12,Spinach,27.74913108710889
2025-04-03 05:02:24,Spinach,25.217225870444448
2025-04-02 10:19:12,Chives,21.772322357446626
2025-04-04 00:28:48,Spinach,24.42070777338156
2025-04-01 06:50:24,Spinach,26.407274823111237
2025-04-03 23:45:36,Chives,21.333560109885834
2025-04-05 15:50:24,Chives,19.827979149375633
2025-04-03 07:19:12,Spinach,23.53084211645276
2025-04-04 04:26:24,Spinach,25.508318878712153
2025-04-03 22:26:24,Spinach,24.559566593100012
2025-04-01 04:48:00,Spinach,27.020713229749443
2025-04-02 03:36:00,Spinach,24.3310098579906
2025-04-05 00:43:12,Chives,22.33320065745057
2025-04-05 12:28:48,Chives,22.286648602029857
2025-04-04 09:28:48,Spinach,24.482055624738344
2025-04-02 00:28:48,Spinach,25.058632084390844
2025-04-04 20:02:24,Chives,24.656200953453265
2025-04-04 01:04:48,Chives,24.244066467233775
2025-04-05 23:02:24,Spinach,26.42669604576957
2025-04-03 19:40:48,Spinach,25.88421267651092
2025-04-03 02:38:24,Spinach,24.562056724548537
2025-04-01 01:12:00,Spinach,26.58087287876119
2025-04-03 11:09:36,Chives,20.708073698007606
2025-04-02 14:24:00,Spinach,25.067979909876527
2025-04-02 09:14:24,Chives,21.099674684261807
2025-04-05 05:31:12,Spinach,26.51884940903764
2025-04-02 18:57:36,Chives,22.484077840507133
2025-04-01 13:12:00,Spinach,24.771181119083984
2025-04-02 04:19:12,Chives,18.96228612001359
2025-04-03 18:07:12,Chives,21.766484146911882
2025-04-05 08:02:24,Spinach,26.3520461641931
2025-04-05 01:26:24,Spinach,26.93466475390651
2025-04-02 00:57:36,Chives,22.77257152945907
2025-04-02 22:19:12,Spinach,26.562089547278557
2025-04-03 19:12:00,Spinach,24.974359246781876
2025-04-01 06:57:36,Chives,22.496895147105345
2025-04-04 03:43:12,Chives,24.29432547919092
2025-04-05 19:19:12,Spinach,25.342664889829187
2025-04-05 07:04:48,Spinach,25.312386206525463
2025-04-05 01:55:12,Spinach,22.417821518404836
2025-04-02 19:33:36,Chives,22.602567583148414
2025-04-03 12:36:00,Chives,21.269311924352955
2025-04-01 19:48:00,Spinach,27.927702887607126
2025-04-01 14:31:12,Spinach,26.424436366672456
2025-04-04 03:28:48,Spinach,26.023328410146664
2025-04-02 01:55:12,Spinach,24.191811250907357
2025-04-01 18:07:12,Spinach,22.415931863675542
2025-04-01 14:52:48,Spinach,26.960117838761317
2025-04-03 23:16:48,Spinach,22.164481077349794
2025-04-01 14:09:36,Chives,23.714234221772532
2025-04-02 05:52:48,Spinach,23.13292522455565
2025-04-05 23:09:36,Spinach,25.849964616641277
2025-04-03 14:38:24,Chives,21.00606436158123
2025-04-03 13:33:36,Chives,20.638654506937602
2025-04-01 09:43:12,Chives,22.53566885726762
2025-04-05 13:48:00,Chives,22.41853228865551
2025-04-01 02:09:36,Spinach,24.615583230166816
2025-04-02 21:36:00,Chives,20.740417236728835
2025-04-01 03:28:48,Spinach,23.772648921761913
2025-04-04 10:33:36,Spinach,25.33994544585537
2025-04-01 10:04:48,Chives,20.787259595660217
2025-04-04 09:14:24,Spinach,26.825579262306942
2025-04-02 15:28:48,Chives,22.94251826389642
2025-04-01 00:43:12,Chives,24.368819223261088
2025-04-04 17:24:00,Chives,20.9113842802698
2025-04-03 18:21:36,Spinach,24.00774357515217
2025-04-05 13:40:48,Chives,21.857056701419573
2025-04-05 08:45:36,Chives,20.90360494008712
2025-04-03 06:07:12,Chives,23.432713480751858
2025-04-03 10:48:00,Chives,21.988041038025074
2025-04-03 09:36:00,Spinach,25.866857629393326
2025-04-02 10:26:24,Chives,22.882475809726863
2025-04-05 17:45:36,Chives,21.931620975466753
2025-04-05 22:12:00,Spinach,25.61570250411675
2025-04-02 20:09:36,Spinach,24.468061298570188
2025-04-01 17:31:12,Spinach,23.68446989572576
2025-04-04 12:36:00,Chives,22.90901492701846
2025-04-04 15:07:12,Spinach,24.35684386586314
2025-04-04 12:07:12,Spinach,25.587024556177195
2025-04-04 03:21:36,Spinach,25.081426612632885
2025-04-03 23:52:48,Spinach,24.126396470525037
2025-04-03 16:33:36,Spinach,23.596099797147655
2025-04-03 00:36:00,Spinach,24.09184589371665
2025-04-04 06:00:00,Spinach,25.69555980785629
2025-04-02 15:14:24,Chives,23.187494040944404
2025-04-03 05:02:24,Chives,18.898836849940185
2025-04-04 20:52:48,Chives,22.932714943325795
2025-04-01 10:26:24,Spinach,25.286546990831816
2025-04-02 02:24:00,Spinach,23.574881897164584
2025-04-04 04:12:00,Spinach,24.515621844109603
2025-04-01 21:14:24,Chives,24.180301115735976
2025-04-02 14:38:24,Spinach,24.91540146632909
2025-04-04 12:28:48,Chives,19.665056239714144
2025-04-01 10:19:12,Chives,23.373103176553112
2025-04-05 09:57:36,Spinach,24.289042889016528
2025-04-05 17:38:24,Spinach,24.964884623578026
2025-04-03 06:50:24,Chives,20.44713651637094
2025-04-05 03:21:36,Spinach,24.881694241258884
2025-04-01 06:28:48,Chives,23.546499283743927
2025-04-03 12:07:12,Spinach,24.33857714040576
2025-04-04 05:09:36,Chives,19.745285570322842
2025-04-04 09:14:24,Chives,24.628405665135435
2025-04-02 02:31:12,Chives,19.19910221111238
2025-04-01 13:33:36,Chives,25.694863168727927
2025-04-05 21:50:24,Chives,20.54953578530618
2025-04-02 03:21:36,Spinach,26.156654940153892
2025-04-05 23:52:48,Chives,22.858874172034238
2025-04-01 20:52:48,Chives,22.41503619899503
2025-04-04 21:43:12,Chives,19.99698346193485
2025-04-03 22:40:48,Chives,20.715874261136697
2025-04-03 19:04:48,Spinach,24.67465167874892
2025-04-01 02:09:36,Chives,20.637963886718182
2025-04-03 02:45:36,Chives,23.457356426431534
2025-04-02 17:09:36,Spinach,26.42877552974361
2025-04-02 10:12:00,Chives,19.071868300716247
2025-04-03 21:57:36,Spinach,25.074015819817564
2025-04-03 03:21:36,Chives,23.587636730274383
2025-04-03 13:04:48,Spinach,26.773036097266314
2025-04-02 14:09:36,Spinach,24.26858535740886
2025-04-04 08:16:48,Chives,23.637260277883694
2025-04-01 03:43:12,Chives,24.778417276763406
2025-04-05 16:48:00,Chives,20.079543401993657
2025-04-04 14:38:24,Chives,19.97772186684143
2025-04-05 23:16:48,Chives,20.497569985157625
2025-04-02 01:40:48,Chives,21.527096133039482
2025-04-05 01:33:36,Chives,22.29483216476736
2025-04-02 15:07:12,Chives,23.737166310250103
2025-04-03 19:12:00,Chives,22.43466228534462
2025-04-01 13:26:24,Spinach,26.044081276826503
2025-04-04 12:00:00,Chives,21.21591546922144
2025-04-03 21:21:36,Spinach,24.11849010784234
2025-04-01 22:40:48,Spinach,23.837986654163636
2025-04-02 16:55:12,Chives,22.365530817237868
2025-04-04 03:28:48,Chives,23.64128727770642
2025-04-01 17:38:24,Chives,20.019315080373584
2025-04-02 13:04:48,Spinach,25.569637879455943
2025-04-02 19:12:00,Chives,22.77901977136176
2025-04-01 09:57:36,Chives,21.22259467258953
2025-04-01 05:45:36,Chives,22.51542743435269
2025-04-03 08:09:36,Chives,21.20424827858421
2025-04-01 18:36:00,Chives,20.928472872960448
2025-04-04 20:38:24,Chives,22.94861160858328
2025-04-02 04:40:48,Spinach,26.954075947754244
2025-04-02 00:00:00,Spinach,25.15026940317749
2025-04-03 00:14:24,Spinach,26.422844985595596
2025-04-02 00:14:24,Spinach,25.14675700363874
2025-04-04 03:36:00,Spinach,25.58167938075337
2025-04-03 12:00:00,Chives,23.389266321297463
2025-04-04 19:40:48,Spinach,24.70472501424406
2025-04-01 21:28:48,Chives,26.080253749884427
2025-04-01 05:38:24,Spinach,23.1083294116189
2025-04-04 18:36:00,Spinach,26.64839025419555
2025-04-05 18:00:00,Chives,21.638145913215507
2025-04-02 13:55:12,Spinach,23.721863604309554
2025-04-04 02:16:48,Spinach,26.378134851036105
2025-04-03 15:21:36,Chives,22.389583752582222
2025-04-02 17:31:12,Chives,19.827873487754015
2025-04-02 22:26:24,Spinach,26.873813436072222
2025-04-05 19:12:00,Spinach,24.934127199260455
2025-04-01 06:00:00,Spinach,24.249324758188564
2025-04-05 20:38:24,Spinach,25.787080931835714
2025-04-03 04:55:12,Spinach,26.40816862898239
2025-04-04 00:07:12,Chives,20.616752013733564
2025-04-02 09:43:12,Spinach,24.81703619634335
2025-04-02 05:09:36,Chives,23.298632791255184
2025-04-02 16:19:12,Spinach,24.263916803750874
2025-04-01 08:02:24,Spinach,26.392992144854222
2025-04-03 09:00:00,Spinach,25.77793652061263
2025-04-02 13:26:24,Chives,23.238124523482046
2025-04-03 04:12:00,Chives,22.111142170629662
2025-04-05 11:45:36,Spinach,25.673103337529486
2025-04-02 15:21:36,Spinach,23.548366308590673
2025-04-02 12:57:36,Chives,22.820646071755057
2025-04-03 03:36:00,Chives,20.225112231001336
2025-04-04 07:12:00,Chives,21.139506989679646
2025-04-02 20:24:00,Chives,22.036765261388414
2025-04-03 19:55:12,Chives,18.94281319723322
2025-04-05 21:28:48,Chives,23.140621984216445
2025-04-01 21:43:12,Chives,20.714263665375576
2025-04-02 19:26:24,Spinach,25.143496442096986
2025-04-04 02:31:12,Chives,22.707202535703992
2025-04-05 02:09:36,Chives,22.123425983913137
2025-04-01 23:02:24,Spinach,24.278358827258543
2025-04-05 18:14:24,Chives,20.122690863714332
2025-04-03 02:31:12,Spinach,26.287008804771762
2025-04-05 04:48:00,Spinach,24.845754986273285
2025-04-05 14:38:24,Chives,22.199454511220313
2025-04-01 08:45:36,Spinach,23.460409330973718
2025-04-02 11:31:12,Chives,23.349399813149876
2025-04-05 19:55:12,Chives,20.985411546911095
2025-04-03 07:19:12,Chives,22.052895327957593
2025-04-02 12:14:24,Spinach,24.79004829196551
2025-04-01 21:07:12,Spinach,22.968451822965537
2025-04-02 21:14:24,Chives,22.275013008607527
2025-04-04 23:45:36,Chives,22.04247756419569
2025-04-01 12:14:24,Spinach,27.506049645736873
2025-04-01 12:36:00,Chives,22.606076285221807
2025-04-01 15:07:12,Chives,20.514195512303967
2025-04-05 23:24:00,Spinach,26.284180285979712
2025-04-05 04:33:36,Chives,23.476483597714875
2025-04-02 18:36:00,Chives,20.496205953043287
2025-04-04 01:55:12,Spinach,25.358503490038824
2025-04-04 09:50:24,Chives,21.213219600580338
2025-04-05 01:26:24,Chives,24.1704668265306
2025-04-04 09:36:00,Spinach,25.484476108403932
2025-04-02 01:04:48,Chives,27.779097235982082
2025-04-03 11:02:24,Spinach,24.322902881611135
2025-04-01 16:48:00,Chives,22.341189901906194
2025-04-05 20:52:48,Spinach,24.977549492264924
2025-04-02 16:40:48,Spinach,25.204499466850585
2025-04-04 23:38:24,Spinach,24.044768971835815
2025-04-03 20:52:48,Spinach,25.55971597892023
2025-04-01 21:43:12,Spinach,26.67040274361352
2025-04-02 23:09:36,Spinach,25.163842397299284
2025-04-05 01:48:00,Spinach,23.930569329501655
2025-04-04 13:19:12,Chives,21.85493033219441
2025-04-04 23:09:36,Spinach,25.80560809174056
2025-04-05 11:02:24,Chives,23.60001203438373
2025-04-05 07:04:48,Chives,22.949397726633265
2025-04-01 01:12:00,Chives,21.304873460781305
2025-04-04 11:16:48,Spinach,25.151655495455696
2025-04-03 03:14:24,Spinach,23.67614996113398
2025-04-02 09:50:24,Chives,24.37902522421803
2025-04-05 01:12:00,Chives,21.71969253375796
2025-04-02 16:55:12,Spinach,25.003655224184097
2025-04-02 10:55:12,Chives,21.26049859801175
2025-04-04 18:28:48,Chives,20.575901666752085
2025-04-04 03:07:12,Chives,20.51559276961213
2025-04-05 17:09:36,Chives,21.851236204330927
2025-04-05 07:19:12,Chives,19.72638382750415
2025-04-01 15:28:48,Chives,21.244786518825702
2025-04-01 21:00:00,Spinach,24.66318990775987
2025-04-02 14:45:36,Chives,25.13858091352819
2025-04-01 10:48:00,Spinach,24.914078488703122
2025-04-05 05:09:36,Chives,22.573614619276075
2025-04-05 19:33:36,Chives,23.063505636382768
2025-04-05 07:40:48,Spinach,26.565208291453782
2025-04-05 07:48:00,Chives,21.418447660096025
2025-04-05 14:31:12,Chives,20.46022705088341
2025-04-04 11:24:00,Chives,21.535680341029014
2025-04-02 01:48:00,Chives,23.138453830739902
2025-04-04 21:36:00,Spinach,23.3124190435938
2025-04-02 07:19:12,Spinach,25.091206469694892
2025-04-01 18:57:36,Chives,20.213044754196027
2025-04-01 06:57:36,Spinach,25.652320185513318
2025-04-05 22:33:36,Chives,21.668553739255504
2025-04-05 04:55:12,Chives,23.012229238249905
2025-04-04 04:04:48,Chives,20.48184343710975
2025-04-03 13:55:12,Chives,22.751375781436572
2025-04-03 03:21:36,Spinach,24.734495651697074
2025-04-04 17:38:24,Spinach,25.601313003927814
2025-04-03 23:38:24,Chives,20.53185442632654
2025-04-01 23:24:00,Chives,22.577976069593255
2025-04-04 21:57:36,Spinach,25.912067156427522
2025-04-05 08:16:48,Chives,25.015306808149525
2025-04-03 01:12:00,Chives,23.067422317133335
2025-04-01 11:31:12,Chives,22.444180415596865
2025-04-01 00:00:00,Spinach,26.679226523903203
2025-04-03 12:36:00,Spinach,24.45612634080727
2025-04-01 18:43:12,Chives,24.798661766717135
2025-04-03 02:16:48,Chives,22.101277722115164
2025-04-05 00:14:24,Spinach,24.149911879707446
2025-04-03 09:14:24,Chives,22.466875231815305
2025-04-05 06:36:00,Spinach,24.195255749108025
2025-04-04 08:09:36,Chives,18.02354528741048
2025-04-03 02:02:24,Spinach,25.32231073463591
2025-04-05 08:31:12,Spinach,24.74209476365352
2025-04-02 11:52:48,Spinach,25.386037367435215
2025-04-03 05:38:24,Chives,20.590180320508967
2025-04-03 18:21:36,Chives,22.38163126495182
2025-04-01 21:21:36,Chives,21.603014750143068
2025-04-02 22:48:00,Chives,20.652377992977463
2025-04-03 21:21:36,Chives,19.782120631330237
2025-04-03 09:14:24,Spinach,25.503438932688432
2025-04-04 12:43:12,Spinach,25.807088441443277
2025-04-02 10:26:24,Spinach,25.609589592295052
2025-04-04 05:16:48,Spinach,23.725127766223743
2025-04-01 02:45:36,Spinach,27.570724430334238
2025-04-05 02:24:00,Chives,21.224067324849443
2025-04-05 02:52:48,Spinach,25.202385606360075
2025-04-05 22:04:48,Chives,21.99459619136415
2025-04-02 16:33:36,Spinach,24.534187817750524
2025-04-04 07:40:48,Chives,20.930731325984254
2025-04-01 17:02:24,Chives,19.58877514815816
2025-04-03 13:55:12,Spinach,26.81613969189056
2025-04-03 03:28:48,Spinach,24.667824040133294
2025-04-05 07:40:48,Chives,21.08081696427342
2025-04-03 02:31:12,Chives,24.633011263664805
2025-04-04 04:19:12,Chives,23.234755875942874
2025-04-03 00:43:12,Spinach,23.29382719990979
2025-04-04 23:52:48,Chives,22.044634209243615
2025-04-03 00:21:36,Spinach,25.86274397279808
2025-04-04 01:48:00,Chives,22.19383177296284
2025-04-02 11:16:48,Chives,22.53552322894757
2025-04-05 14:45:36,Chives,20.94981877759124
2025-04-02 08:09:36,Spinach,24.11736406889228
2025-04-05 12:14:24,Spinach,26.40774956510397
2025-04-01 10:33:36,Chives,21.205359694349443
2025-04-01 04:55:12,Chives,22.257052421784955
2025-04-05 00:07:12,Spinach,24.927207023422454
2025-04-05 15:57:36,Spinach,24.872861974835036
2025-04-01 15:43:12,Chives,22.102844462209042
2025-04-01 00:07:12,Spinach,26.109560419495324
2025-04-01 18:50:24,Spinach,27.70292296641317
2025-04-01 11:16:48,Spinach,25.879168092658695
2025-04-05 06:28:48,Spinach,26.200698781651575
2025-04-02 17:16:48,Spinach,26.139464962529587
2025-04-03 11:45:36,Spinach,26.228875030973754
2025-04-01 19:40:48,Chives,23.445064193866482
2025-04-04 14:52:48,Chives,22.256298157191914
2025-04-02 10:48:00,Chives,21.687816624464087
2025-04-02 00:57:36,Spinach,23.31687367384037
2025-04-03 22:33:36,Spinach,24.006891735221537
2025-04-05 11:31:12,Spinach,24.689444724799475
2025-04-04 04:55:12,Spinach,26.694664666498515
2025-04-02 19:19:12,Spinach,25.695149799521307
2025-04-04 21:21:36,Chives,21.88834985634993
2025-04-05 04:40:48,Chives,21.679016733661737
2025-04-02 17:45:36,Chives,20.922333668121347
2025-04-05 17:16:48,Spinach,25.74588626782726
2025-04-03 20:31:12,Chives,24.514655968412924
2025-04-05 14:02:24,Chives,22.279913684734538
2025-04-05 21:07:12,Chives,21.321540521126384
2025-04-05 13:33:36,Spinach,25.601013369933348
2025-04-03 08:09:36,Spinach,23.564940325557778
2025-04-03 22:55:12,Spinach,21.49437941980647
2025-04-02 14:02:24,Spinach,24.6337303547744
2025-04-05 05:16:48,Spinach,25.19182767039688
2025-04-01 16:19:12,Chives,20.825120061495646
2025-04-03 06:57:36,Chives,21.16952604197923
2025-04-02 21:00:00,Chives,20.848978655667924
2025-04-02 17:02:24,Spinach,25.52432580369562
2025-04-02 15:57:36,Chives,20.984257432731834
2025-04-01 19:04:48,Spinach,24.61020233978965
2025-04-04 19:12:00,Spinach,26.967957435245673
2025-04-03 06:50:24,Spinach,25.457390061859332
2025-04-05 01:55:12,Chives,22.400575398803888
2025-04-01 13:40:48,Spinach,25.180502686172293
2025-04-01 00:36:00,Spinach,25.4721824625061
2025-04-05 06:43:12,Spinach,26.670958360077194
2025-04-05 18:28:48,Spinach,24.28520644714781
2025-04-05 06:00:00,Spinach,24.224527228187437
2025-04-05 13:12:00,Chives,21.5383326475705
2025-04-05 15:28:48,Spinach,27.350016945064713
2025-04-01 15:00:00,Spinach,23.624385528377573
2025-04-02 15:21:36,Chives,22.93617972557823
2025-04-02 05:38:24,Spinach,24.07603212272963
2025-04-02 14:09:36,Chives,22.486249528732664
2025-04-04 10:40:48,Spinach,24.689314031555107
2025-04-02 18:57:36,Spinach,23.225306117471046
2025-04-04 15:50:24,Spinach,24.97669647293472
2025-04-01 20:02:24,Chives,24.84518947398092
2025-04-01 01:26:24,Chives,22.36294340734905
2025-04-05 15:07:12,Spinach,21.963654972704404
2025-04-01 20:31:12,Chives,20.77628457255184
2025-04-04 05:52:48,Chives,23.044309547220127
2025-04-01 07:19:12,Spinach,21.58174885524391
2025-04-02 07:12:00,Chives,20.609604292632877
2025-04-02 19:55:12,Spinach,24.96723455258808
2025-04-03 17:45:36,Spinach,25.919296334061627
2025-04-05 12:07:12,Chives,21.40999178150896
2025-04-04 08:38:24,Chives,21.485968608879478
2025-04-02 06:57:36,Chives,22.66572914221934
2025-04-05 05:16:48,Chives,22.249678312319585
2025-04-05 08:02:24,Chives,22.501685184980538
2025-04-04 23:52:48,Spinach,25.02557397840633
2025-04-01 16:33:36,Chives,23.220275826054504
2025-04-05 11:09:36,Chives,23.75394338566851
2025-04-05 04:26:24,Spinach,25.130271646931828
2025-04-03 17:52:48,Chives,21.09402221992627
2025-04-02 14:16:48,Chives,21.804785418448475
2025-04-03 15:07:12,Spinach,27.26150356712153
2025-04-05 00:36:00,Spinach,23.099036868393412
2025-04-01 21:14:24,Spinach,24.8819924478463
2025-04-03 18:57:36,Chives,22.591678213567445
2025-04-01 16:40:48,Chives,20.153703525349066
2025-04-04 16:04:48,Spinach,25.95993028233046
2025-04-03 15:43:12,Chives,19.50771990659656
2025-04-02 02:52:48,Chives,21.29210220131585
2025-04-04 14:45:36,Chives,23.114896141034073
2025-04-04 22:19:12,Chives,23.250883231823355
2025-04-04 14:02:24,Spinach,25.22859961573488
2025-04-01 00:50:24,Spinach,25.762206162018362
2025-04-03 01:04:48,Chives,22.771658251088123
2025-04-02 15:00:00,Chives,20.1787170808184
2025-04-04 19:48:00,Spinach,23.98810408562057
2025-04-02 11:52:48,Chives,22.944443262885418
2025-04-02 07:26:24,Spinach,25.646507190935644
2025-04-05 17:24:00,Spinach,24.556467596747638
2025-04-01 03:00:00,Chives,22.166383884564798
2025-04-05 06:57:36,Spinach,25.34643235513583
2025-04-04 13:40:48,Chives,21.943547946362727
2025-04-01 01:04:48,Spinach,24.357717746127317
2025-04-01 23:09:36,Chives,20.131391831932017
2025-04-03 04:48:00,Chives,22.576098173408962
2025-04-03 20:45:36,Chives,21.671349206786704
2025-04-05 17:31:12,Chives,19.71171224361289
2025-04-05 23:38:24,Chives,22.961264291900516
2025-04-03 12:21:36,Chives,22.844453855035855
2025-04-04 00:36:00,Chives,24.815193718837097
2025-04-04 13:55:12,Spinach,25.398376396682817
2025-04-01 19:33:36,Spinach,23.02552150365173
2025-04-04 22:19:12,Spinach,24.628949107540166
2025-04-05 05:31:12,Chives,22.43375296586173
2025-04-01 00:21:36,Chives,24.284544784612038
2025-04-02 10:19:12,Spinach,22.796553552276045
2025-04-02 02:38:24,Spinach,25.76053225711852
2025-04-03 08:02:24,Chives,23.136261565070956
2025-04-02 14:31:12,Chives,22.89273553815537
2025-04-01 00:36:00,Chives,21.648794564576228
2025-04-02 02:38:24,Chives,23.02939028556177
2025-04-02 20:52:48,Spinach,26.76540439299233
2025-04-03 17:38:24,Chives,21.695431920935512
2025-04-02 03:21:36,Chives,20.927044436110048
2025-04-01 04:40:48,Chives,22.295291853803686
2025-04-03 17:02:24,Chives,22.794706266872925
2025-04-02 05:02:24,Chives,22.757480918470687
2025-04-05 11:45:36,Chives,23.809763449762535
2025-04-01 15:57:36,Spinach,25.544241161816775
2025-04-03 05:45:36,Spinach,26.485939685720364
2025-04-05 08:09:36,Spinach,23.69084028374176
2025-04-05 05:02:24,Chives,20.315916967656552
2025-04-03 02:09:36,Spinach,26.834162111695036
2025-04-04 06:21:36,Spinach,24.576200448627173
2025-04-05 20:16:48,Spinach,26.360524116240477
2025-04-04 07:19:12,Chives,21.179711588139412
2025-04-02 01:12:00,Spinach,23.507364117530457
2025-04-02 13:40:48,Chives,23.958218210731495
2025-04-04 10:55:12,Chives,23.738994705046373
2025-04-03 12:21:36,Spinach,24.995950651106856
2025-04-03 02:52:48,Chives,22.96806392437772
2025-04-03 23:16:48,Chives,23.556309916386848
2025-04-05 19:33:36,Spinach,25.77425870314007
2025-04-04 02:38:24,Chives,24.82303674471255
2025-04-01 20:24:00,Spinach,25.91071430774412
2025-04-01 05:09:36,Spinach,24.953789836599153
2025-04-02 03:14:24,Chives,20.38338283310604
2025-04-01 14:02:24,Spinach,24.9308574435597
2025-04-02 15:43:12,Spinach,26.46251422203678
2025-04-02 13:48:00,Spinach,23.42579652117981
2025-04-01 07:55:12,Chives,21.8919848176295
2025-04-01 02:52:48,Chives,21.183425913212226
2025-04-01 17:16:48,Chives,22.389824191372636
2025-04-03 16:19:12,Chives,20.709379952074073
2025-04-05 01:19:12,Chives,21.34040341258874
2025-04-03 07:55:12,Spinach,27.003885405221688
2025-04-01 10:12:00,Chives,21.247364434623194
2025-04-04 07:12:00,Spinach,26.580538080807838
2025-04-04 05:24:00,Spinach,25.51396851664918
2025-04-05 00:28:48,Spinach,22.836232388492867
2025-04-05 02:02:24,Spinach,24.137016016909097
2025-04-03 21:07:12,Spinach,23.06184182091339
2025-04-01 17:16:48,Spinach,24.792313810859355
2025-04-02 19:26:24,Chives,21.836859777314714
2025-04-04 01:19:12,Spinach,23.12417102956401
2025-04-05 07:48:00,Spinach,23.005009614357192
2025-04-01 03:07:12,Spinach,25.04560417380184
2025-04-01 03:36:00,Spinach,24.691148155091987
2025-04-02 12:21:36,Spinach,24.093105808608588
2025-04-02 18:36:00,Spinach,21.890749249426108
2025-04-04 15:36:00,Spinach,24.731840821153778
2025-04-04 07:48:00,Chives,22.159645341537846
2025-04-02 19:40:48,Chives,23.03521598756667
2025-04-01 09:14:24,Chives,21.551488974301197
2025-04-01 03:14:24,Chives,22.563547027518506
2025-04-03 04:19:12,Spinach,24.701570648579743
2025-04-03 15:00:00,Chives,19.29267684900322
2025-04-05 04:04:48,Spinach,24.265075150431475
2025-04-01 06:36:00,Chives,23.396920178674296
2025-04-04 04:33:36,Chives,20.06505865038842
2025-04-02 12:14:24,Chives,23.12094040768489
2025-04-04 14:09:36,Chives,21.454581681679215
2025-04-04 02:52:48,Chives,24.389779939959094
2025-04-01 00:50:24,Chives,23.151152093729362
2025-04-05 00:21:36,Chives,21.306587066942434
2025-04-01 05:52:48,Spinach,26.656109624976942
2025-04-02 16:19:12,Chives,20.761754204811233
2025-04-01 05:38:24,Chives,23.585683339328373
2025-04-04 19:33:36,Spinach,23.0776410257234
2025-04-01 12:43:12,Chives,24.829278851815797
2025-04-02 17:52:48,Chives,21.67982927243223
2025-04-01 09:28:48,Spinach,26.020266090536193
2025-04-02 04:33:36,Chives,21.00732030284742
2025-04-02 01:33:36,Chives,22.977086876958698
2025-04-04 21:00:00,Spinach,23.415972986535152
2025-04-01 16:33:36,Spinach,25.71688008381983
2025-04-04 23:09:36,Chives,20.084877136269537
2025-04-03 22:19:12,Spinach,25.21172986633267
2025-04-03 21:50:24,Spinach,23.781013817225922
2025-04-04 08:31:12,Spinach,24.559810705822375
2025-04-03 14:45:36,Chives,22.855898002889738
2025-04-02 03:50:24,Chives,22.068357759855722
2025-04-04 05:16:48,Chives,21.631385403871082
2025-04-03 12:50:24,Spinach,26.14636625028461
2025-04-03 15:57:36,Chives,20.183475700356315
2025-04-05 16:55:12,Spinach,24.530021719093853
2025-04-04 00:21:36,Chives,24.033456788207427
2025-04-02 15:28:48,Spinach,25.719914475995445
2025-04-01 08:52:48,Spinach,26.19552018333657
2025-04-02 12:28:48,Spinach,25.643811812284483
2025-04-01 07:12:00,Chives,21.281238643232065
2025-04-02 07:33:36,Spinach,23.89519168830476
2025-04-01 11:02:24,Chives,20.94692035918397
2025-04-04 07:55:12,Chives,21.617534173868716
2025-04-02 09:36:00,Chives,22.170276017876873
2025-04-01 13:33:36,Spinach,25.594818265567124
2025-04-02 19:04:48,Chives,20.759153584671516
2025-04-01 15:21:36,Spinach,24.92303398408841
2025-04-01 20:16:48,Spinach,26.024098670536368
2025-04-05 05:38:24,Chives,25.68295020986634
2025-04-03 14:31:12,Spinach,25.69851724416234
2025-04-01 13:12:00,Chives,19.12184317705144
2025-04-01 05:02:24,Chives,21.82652757641764
2025-04-01 15:00:00,Chives,25.28568343871497
2025-04-02 00:28:48,Chives,19.933495948064362
2025-04-01 06:14:24,Chives,20.98461699954106
2025-04-03 17:24:00,Chives,20.804657116794285
2025-04-01 08:09:36,Chives,22.542454037571453
2025-04-04 16:48:00,Spinach,24.874660937755035
2025-04-03 17:38:24,Spinach,25.36215027978336
2025-04-01 21:57:36,Chives,22.723708622864777
2025-04-01 16:26:24,Chives,21.516907725691485
2025-04-05 11:52:48,Chives,20.774596493519145
2025-04-04 23:31:12,Chives,21.940667269215016
2025-04-01 15:50:24,Chives,20.406544429410843
2025-04-01 09:36:00,Chives,21.670492168243733
2025-04-05 22:19:12,Spinach,25.870114944217597
2025-04-03 16:48:00,Spinach,24.966982113939235
2025-04-03 16:55:12,Chives,20.305439718013574
2025-04-04 08:09:36,Spinach,26.008744031805463
2025-04-05 21:57:36,Chives,21.92843296578703
2025-04-01 19:48:00,Chives,22.619171390404748
2025-04-02 05:45:36,Chives,24.648181360421646
2025-04-03 05:31:12,Chives,22.549897369145274
2025-04-03 13:40:48,Spinach,24.90078317698876
2025-04-05 06:57:36,Chives,21.171665433578543
2025-04-02 01:19:12,Spinach,24.16851376264491
2025-04-01 11:38:24,Chives,22.391582908269832
2025-04-05 20:45:36,Spinach,25.23368343366253
2025-04-04 16:26:24,Chives,23.474036475918272
2025-04-02 06:36:00,Spinach,23.548430777570555
2025-04-01 12:14:24,Chives,21.485928225209847
2025-04-03 04:04:48,Chives,24.253535578144042
2025-04-01 08:52:48,Chives,18.070382343865383
2025-04-04 22:55:12,Spinach,25.1380312949769
2025-04-02 04:04:48,Spinach,24.035590518436322
2025-04-05 14:09:36,Chives,21.330349578174207
2025-04-04 13:19:12,Spinach,24.85554260325568
2025-04-04 08:24:00,Spinach,24.71328148099637
2025-04-04 02:24:00,Spinach,25.135924492645316
2025-04-04 19:26:24,Chives,25.84012680740319
2025-04-05 22:40:48,Chives,22.040328758491796
2025-04-02 22:33:36,Chives,23.425635757279075
2025-04-02 04:12:00,Chives,22.950878533477017
2025-04-03 12:43:12,Spinach,25.83566493694806
2025-04-02 08:02:24,Chives,19.85478793305905
2025-04-01 22:26:24,Spinach,24.73044022000357
2025-04-01 14:02:24,Chives,20.246982943570703
2025-04-04 00:43:12,Spinach,25.147204379193756
2025-04-04 08:45:36,Chives,21.442838701006313
2025-04-02 05:52:48,Chives,22.607472566441434
2025-04-03 06:14:24,Spinach,25.28890381538628
2025-04-05 23:16:48,Spinach,25.4217378490499
2025-04-01 11:16:48,Chives,21.411837770301762
2025-04-01 03:57:36,Chives,20.41343360656615
2025-04-03 07:33:36,Spinach,23.97937545494884
2025-04-04 08:02:24,Spinach,24.39427009452614
2025-04-03 05:45:36,Chives,21.22919962399496
2025-04-04 13:55:12,Chives,22.17134147299306
2025-04-05 01:04:48,Spinach,26.074045976891338
2025-04-03 14:02:24,Spinach,25.756974021465734
2025-04-01 00:00:00,Chives,22.74507122951685
2025-04-02 21:00:00,Spinach,24.748811587417762
2025-04-01 12:07:12,Spinach,21.524493546167573
2025-04-01 12:57:36,Spinach,24.251477247165035
2025-04-02 03:07:12,Spinach,25.05257376637493
2025-04-01 09:50:24,Chives,24.216841067112274
2025-04-02 10:33:36,Spinach,23.67596007259135
2025-04-04 09:07:12,Chives,20.334136231801256
2025-04-05 14:24:00,Spinach,22.624840227549054
2025-04-01 05:31:12,Spinach,25.782787454096102
2025-04-04 20:24:00,Chives,23.06162790318321
2025-04-05 17:31:12,Spinach,25.452520472682625
2025-04-02 09:36:00,Spinach,25.160249085738737
2025-04-03 21:36:00,Spinach,25.240683036677133
2025-04-03 10:33:36,Spinach,23.169212422515887
2025-04-03 00:28:48,Chives,21.324901792781134
2025-04-04 15:14:24,Spinach,25.969669357937374
2025-04-02 11:45:36,Spinach,25.320870776886284
2025-04-02 16:48:00,Spinach,25.19268877725984
2025-04-01 12:28:48,Chives,21.758071432500987
2025-04-04 10:33:36,Chives,23.066439952305238
2025-04-02 12:36:00,Spinach,23.921838421850754
2025-04-05 03:07:12,Chives,24.36935821859607
2025-04-01 07:26:24,Chives,20.34049753899096
2025-04-05 06:14:24,Chives,21.043919309040223
2025-04-02 18:21:36,Spinach,25.910986192363175
2025-04-02 02:45:36,Chives,19.58092619321552
2025-04-01 17:24:00,Chives,23.172734307665966
2025-04-01 10:33:36,Spinach,24.689149425015156
2025-04-02 20:45:36,Chives,23.43890623912781
2025-04-03 02:24:00,Spinach,25.645955294859558
2025-04-01 17:02:24,Spinach,24.81993329556097
2025-04-05 03:07:12,Spinach,23.691521107068585
2025-04-03 11:16:48,Spinach,26.85053194308145
2025-04-04 00:07:12,Spinach,26.649851702977823
2025-04-02 08:24:00,Spinach,26.309572144713123
2025-04-01 01:04:48,Chives,22.813840065378947
2025-04-03 05:52:48,Chives,20.411179717166572
2025-04-04 12:57:36,Chives,18.877105888174416
2025-04-02 06:36:00,Chives,21.273648890700624
2025-04-05 09:50:24,Chives,21.265840836222665
2025-04-02 22:40:48,Chives,21.134644516506395
2025-04-05 12:57:36,Chives,22.968226271711615
2025-04-05 14:52:48,Chives,23.792569943387264
2025-04-04 12:21:36,Spinach,26.33163981034747
2025-04-02 03:50:24,Spinach,24.894061541978495
2025-04-03 07:12:00,Chives,24.947087699374585
2025-04-02 08:16:48,Spinach,26.483311810252523
2025-04-04 19:04:48,Spinach,26.577897344300858
2025-04-01 20:09:36,Spinach,25.71370520999834
2025-04-05 18:57:36,Chives,22.854650920348305
2025-04-03 12:07:12,Chives,24.864124960705198
2025-04-04 16:40:48,Chives,23.521555097527195
2025-04-05 05:52:48,Spinach,25.51263323424602
2025-04-05 08:09:36,Chives,22.987816409009245
2025-04-04 15:43:12,Chives,20.532440833577454
2025-04-03 16:40:48,Chives,21.134662195715276
2025-04-02 00:07:12,Spinach,24.484713350649695
2025-04-04 11:38:24,Chives,20.123329635422046
2025-04-02 23:02:24,Spinach,27.41606469703195
2025-04-02 21:07:12,Spinach,24.1971127136081
2025-04-01 17:24:00,Spinach,25.01869485709776
2025-04-01 03:43:12,Spinach,22.997699111346893
2025-04-02 20:38:24,Chives,24.176715411692562
2025-04-04 08:02:24,Chives,24.255989482874032
2025-04-03 15:00:00,Spinach,26.30649834364502
2025-04-02 18:50:24,Chives,21.567012041619794
2025-04-05 20:02:24,Chives,24.701410649366224
2025-04-04 21:57:36,Chives,22.915878617925735
2025-04-04 16:12:00,Chives,22.708896223619565
2025-04-01 04:12:00,Spinach,26.888784115948038
2025-04-05 20:24:00,Chives,22.192156622366184
2025-04-03 14:52:48,Spinach,24.553351868714735
2025-04-03 10:19:12,Spinach,23.297961120480362
2025-04-03 14:45:36,Spinach,23.848672915931825
2025-04-03 10:48:00,Spinach,24.337770224929063
2025-04-04 05:02:24,Spinach,24.904430330505143
2025-04-02 06:14:24,Spinach,22.607517228914254
2025-04-04 11:09:36,Spinach,23.3848243837039
2025-04-04 17:52:48,Spinach,26.20125531108057
2025-04-02 04:19:12,Spinach,27.01324097689173
2025-04-05 10:12:00,Chives,24.77006098860405
2025-04-01 09:28:48,Chives,19.01864662809866
2025-04-01 20:38:24,Spinach,25.125041324742252
2025-04-05 01:40:48,Chives,23.54776680920295
2025-04-02 10:12:00,Spinach,23.402520455730667
2025-04-04 08:31:12,Chives,18.889914651387777
2025-04-03 15:43:12,Spinach,22.87787276132458
2025-04-01 06:50:24,Chives,21.536181436223178
2025-04-01 15:57:36,Chives,22.710388645952772
2025-04-01 16:48:00,Spinach,24.64292379596801
2025-04-05 15:57:36,Chives,18.701791065069877
2025-04-04 10:04:48,Spinach,23.585152250608235
2025-04-05 02:45:36,Chives,21.455742159340513
2025-04-02 01:40:48,Spinach,24.646060386049566
2025-04-03 12:28:48,Chives,21.024036146317258
2025-04-04 20:52:48,Spinach,24.109035297162343
2025-04-02 17:38:24,Chives,19.88880433843517
2025-04-02 22:19:12,Chives,22.51263396366574
2025-04-01 02:52:48,Spinach,27.073051804120855
2025-04-05 11:16:48,Chives,24.073238486556292
2025-04-05 03:21:36,Chives,21.369719774356213
2025-04-05 11:02:24,Spinach,24.476336931368117
2025-04-03 09:00:00,Chives,21.626445940665434
2025-04-03 08:24:00,Spinach,26.435957783974782
2025-04-03 05:38:24,Spinach,25.703636822506112
2025-04-03 21:43:12,Spinach,26.37836481931446
2025-04-04 06:14:24,Chives,21.596666964167753
2025-04-01 20:38:24,Chives,21.884347435878844
2025-04-01 17:52:48,Spinach,23.983646382018005
2025-04-01 04:33:36,Chives,20.007720926652354
2025-04-04 13:33:36,Chives,22.598704171528105
2025-04-01 10:48:00,Chives,22.14561632402206
2025-04-05 16:19:12,Spinach,25.30448759379349
2025-04-02 00:36:00,Spinach,25.04871002944466
2025-04-05 09:00:00,Chives,24.691836795276682
2025-04-02 18:07:12,Spinach,22.837623474903978
2025-04-05 10:40:48,Spinach,24.982657274946064
2025-04-01 11:09:36,Spinach,25.06233506296876
2025-04-01 18:36:00,Spinach,26.21178050721116
2025-04-04 21:43:12,Spinach,24.900273312845567
2025-04-05 18:57:36,Spinach,26.267268170879262
2025-04-03 11:52:48,Chives,19.925800403553495
2025-04-02 16:33:36,Chives,22.619397181413436
2025-04-01 22:33:36,Spinach,25.660062518829463
2025-04-01 03:21:36,Chives,21.099041965121792
2025-04-02 02:02:24,Spinach,25.33479299466856
2025-04-02 23:52:48,Spinach,24.211726865234326
2025-04-05 02:24:00,Spinach,24.842491639489236
2025-04-05 17:24:00,Chives,20.394872850510772
2025-04-01 20:16:48,Chives,20.869395753463767
2025-04-03 00:28:48,Spinach,26.19525722296698
2025-04-01 23:38:24,Spinach,25.66298794530058
2025-04-02 06:21:36,Spinach,25.448867883817087
2025-04-04 01:33:36,Spinach,24.90659536358464
2025-04-05 13:26:24,Chives,22.374075525566134
2025-04-03 10:55:12,Chives,24.21991620833504
2025-04-05 18:21:36,Chives,24.165646906109888
2025-04-01 11:38:24,Spinach,22.60215917856147
2025-04-01 03:50:24,Spinach,25.479067747126336
2025-04-03 22:26:24,Chives,20.72523344580281
2025-04-04 18:00:00,Chives,20.615150130833644
2025-04-04 06:50:24,Chives,21.963812369334995
2025-04-02 04:04:48,Chives,25.21591613398799
2025-04-04 15:50:24,Chives,22.612379133571707
2025-04-05 22:33:36,Spinach,24.230222085732457
2025-04-04 03:50:24,Spinach,24.227740201219046
2025-04-01 18:43:12,Spinach,24.17421958578673
2025-04-03 08:16:48,Spinach,25.53352320186417
2025-04-03 02:52:48,Spinach,23.74622896717476
2025-04-04 03:14:24,Spinach,26.537219634082135
2025-04-05 16:04:48,Chives,22.66002167508
2025-04-02 01:04:48,Spinach,27.099492091824327
2025-04-01 07:48:00,Spinach,23.656396126448627
2025-04-01 12:57:36,Chives,22.386325586084148
2025-04-03 17:02:24,Spinach,26.993511057457443
2025-04-03 20:09:36,Chives,19.193812118461217
2025-04-01 20:02:24,Spinach,25.67669094406283
2025-04-01 20:52:48,Spinach,24.09524249335999
2025-04-05 10:48:00,Chives,23.230723271796048
2025-04-05 17:38:24,Chives,20.962137895178135
2025-04-01 05:45:36,Spinach,26.771848419671073
2025-04-02 18:14:24,Spinach,25.649755273845745
2025-04-04 21:14:24,Spinach,24.955555843541905
2025-04-03 05:31:12,Spinach,24.365659981900293
2025-04-05 10:04:48,Chives,23.022837234439468
2025-04-04 08:38:24,Spinach,24.529890221147415
2025-04-05 06:00:00,Chives,21.065289210362852
2025-04-04 16:04:48,Chives,23.543733455988466
2025-04-04 14:02:24,Chives,22.225452642192817
2025-04-03 06:28:48,Chives,21.20461357244134
2025-04-02 07:40:48,Chives,21.62114777291026
2025-04-01 09:00:00,Chives,23.232853756562836
2025-04-04 06:50:24,Spinach,26.581117042729552
2025-04-03 05:16:48,Chives,20.04329574924272
2025-04-02 23:24:00,Chives,21.296236521842943
2025-04-01 21:07:12,Chives,22.019502837816862
2025-04-01 05:02:24,Spinach,26.294417000117555
2025-04-04 16:12:00,Spinach,23.060427269876094
2025-04-03 00:07:12,Spinach,25.643983303032744
2025-04-02 21:36:00,Spinach,25.81351104560712
2025-04-03 23:24:00,Chives,21.23497540171788
2025-04-01 07:19:12,Chives,21.721511535004275
2025-04-02 11:31:12,Spinach,26.102891779585324
2025-04-05 08:38:24,Chives,19.931021157978208
2025-04-03 10:40:48,Spinach,26.51510092411262
2025-04-05 09:21:36,Spinach,22.97987416933486
2025-04-02 09:21:36,Chives,22.104703127485028
2025-04-01 04:19:12,Chives,22.313295392507133
2025-04-05 21:00:00,Spinach,24.533777856293337
2025-04-04 07:26:24,Chives,21.950870094676002
2025-04-05 18:21:36,Spinach,24.215480393621416
2025-04-03 05:16:48,Spinach,25.47962554210317
2025-04-05 21:14:24,Chives,18.364181010056566
2025-04-03 20:31:12,Spinach,23.4948526921969
2025-04-04 16:33:36,Chives,24.498211666693866
2025-04-01 22:55:12,Chives,23.28459819148521
2025-04-05 14:16:48,Chives,22.291134989347462
2025-04-03 06:43:12,Chives,21.839454460068165
2025-04-04 09:00:00,Chives,20.833274968613686
2025-04-04 19:12:00,Chives,21.13654326064334
2025-04-05 00:50:24,Spinach,25.61047002787592
2025-04-04 00:14:24,Spinach,24.224842985050557
2025-04-04 15:21:36,Chives,21.190360479535958
2025-04-03 01:26:24,Chives,19.698828743896566
2025-04-01 11:45:36,Spinach,26.09959320964298
2025-04-05 03:00:00,Chives,24.180076715676552
2025-04-04 04:40:48,Spinach,23.718960502894873
2025-04-04 01:55:12,Chives,22.16409219190734
2025-04-01 13:40:48,Chives,21.711458552828315
2025-04-03 02:02:24,Chives,22.173511951439288
2025-04-05 13:12:00,Spinach,27.07901799938211
2025-04-05 20:16:48,Chives,19.853837346822928
2025-04-04 00:28:48,Chives,22.62015235483555
2025-04-05 14:09:36,Spinach,24.798227417698254
2025-04-01 10:40:48,Chives,22.769901149670034
2025-04-05 05:45:36,Chives,21.043390023623026
2025-04-03 14:16:48,Spinach,27.224911079601025
2025-04-05 14:02:24,Spinach,24.25498288209866
2025-04-04 18:21:36,Chives,23.58046269491176
2025-04-03 11:45:36,Chives,20.686572619922863
2025-04-02 09:07:12,Spinach,27.783195447978034
2025-04-02 15:00:00,Spinach,22.629440120375353
2025-04-01 01:19:12,Chives,21.301405369644616
2025-04-02 23:31:12,Chives,19.430298206363684
2025-04-02 10:04:48,Chives,25.1995500619844
2025-04-01 07:55:12,Spinach,23.44638222913491
2025-04-01 22:55:12,Spinach,23.399169406098153
2025-04-04 17:16:48,Spinach,23.88717623897131
2025-04-04 10:48:00,Chives,21.458550751271382
2025-04-04 18:14:24,Spinach,24.21510918024709
2025-04-05 09:00:00,Spinach,26.674820572947947
2025-04-04 10:40:48,Chives,22.66639496722906
2025-04-05 06:07:12,Chives,21.16678432125962
2025-04-01 19:04:48,Chives,22.984830412950746
2025-04-05 11:24:00,Chives,22.973064831384463
2025-04-03 21:00:00,Spinach,24.95723022124302
2025-04-02 06:50:24,Chives,20.93849580157183
2025-04-02 16:12:00,Chives,21.77941392774679
2025-04-05 09:28:48,Spinach,24.032955920204575
2025-04-01 04:40:48,Spinach,26.256517963134584
2025-04-03 13:48:00,Chives,23.133086838738635
2025-04-02 17:45:36,Spinach,23.359745561901494
2025-04-01 01:48:00,Spinach,25.237492940155178
2025-04-04 20:09:36,Chives,21.059549413318347
2025-04-04 17:31:12,Spinach,26.170237155738917
2025-04-04 19:19:12,Chives,22.183014721968043
2025-04-02 05:31:12,Spinach,25.040900161911072
2025-04-02 00:21:36,Spinach,25.651957634843665
2025-04-03 08:02:24,Spinach,25.473605835787577
2025-04-05 21:57:36,Spinach,26.034872166859312
2025-04-03 14:31:12,Chives,22.815040288569904
2025-04-01 02:38:24,Chives,22.101292307031887
2025-04-02 18:43:12,Chives,21.972230296011414
2025-04-02 09:14:24,Spinach,25.471981407273248
2025-04-02 13:26:24,Spinach,26.668249058820777
2025-04-04 09:50:24,Spinach,23.915557767123847
2025-04-02 16:48:00,Chives,20.766669406650355
2025-04-03 03:43:12,Chives,18.94115173335985
2025-04-03 08:45:36,Chives,24.050311401166788
2025-04-02 02:02:24,Chives,21.644772089889987
2025-04-05 13:19:12,Chives,22.32872549149591
2025-04-02 03:14:24,Spinach,24.823597598045815
2025-04-03 23:31:12,Spinach,25.742985113206238
2025-04-01 01:19:12,Spinach,25.23711952563088
2025-04-05 17:52:48,Spinach,24.938327531693815
2025-04-01 11:09:36,Chives,21.508506780103346
2025-04-01 00:57:36,Spinach,26.259463258383203
2025-04-01 08:24:00,Spinach,24.943695305344978
2025-04-01 11:02:24,Spinach,25.873155452364376
2025-04-05 13:40:48,Spinach,22.838730719016713
2025-04-02 12:57:36,Spinach,26.303074678997895
2025-04-04 11:31:12,Chives,22.489199533363177
2025-04-05 03:14:24,Spinach,26.693118855695523
2025-04-05 23:31:12,Chives,24.696529790274283
2025-04-01 18:21:36,Chives,22.348380545741506
2025-04-01 11:52:48,Spinach,25.415786171077592
2025-04-04 14:09:36,Spinach,25.851342180566846
2025-04-05 23:38:24,Spinach,23.941750418526738
2025-04-04 22:40:48,Chives,19.508558599726015
2025-04-03 21:36:00,Chives,22.50774461124162
2025-04-04 12:21:36,Chives,19.88730805545466
2025-04-02 01:26:24,Spinach,24.137911281316963
2025-04-02 11:24:00,Spinach,24.88133241617063
2025-04-04 07:48:00,Spinach,24.97255832524134
2025-04-02 07:12:00,Spinach,25.669992295026066
2025-04-03 10:26:24,Chives,20.377677994578406
2025-04-03 19:04:48,Chives,21.368523278769604
2025-04-01 16:55:12,Spinach,26.650848175973945
2025-04-01 14:16:48,Spinach,26.260785275209134
2025-04-05 00:07:12,Chives,21.22593290767394
2025-04-03 13:26:24,Chives,21.641577929700386
2025-04-04 03:57:36,Chives,21.35967839507887
2025-04-05 14:31:12,Spinach,25.89749230734104
2025-04-04 22:26:24,Spinach,24.0974123132913
2025-04-03 17:24:00,Spinach,25.56252910729003
2025-04-01 18:00:00,Spinach,23.81032918065243
2025-04-04 22:48:00,Chives,22.644427328698878
2025-04-01 13:55:12,Chives,21.947932345442133
2025-04-04 16:48:00,Chives,19.238688653002534
2025-04-04 10:48:00,Spinach,25.70403256177033
2025-04-01 09:43:12,Spinach,24.580890754817887
2025-04-05 03:36:00,Chives,19.983324233448585
2025-04-01 14:16:48,Chives,23.12789954903016
2025-04-04 06:43:12,Chives,22.02089393786942
2025-04-05 12:50:24,Spinach,23.647879037308233
2025-04-04 04:12:00,Chives,19.517714992201345
2025-04-02 20:16:48,Chives,20.8404853242168
2025-04-02 08:09:36,Chives,21.339933269954525
2025-04-04 06:36:00,Chives,22.08882765102173
2025-04-05 16:12:00,Chives,21.24691866347108
2025-04-05 02:38:24,Chives,25.448347185428876
2025-04-05 07:55:12,Chives,22.428798086087358
2025-04-01 05:31:12,Chives,21.30904184356032
2025-04-02 20:45:36,Spinach,23.06372632254791
2025-04-04 12:57:36,Spinach,24.840839504340913
2025-04-05 22:55:12,Chives,18.937397697363565
2025-04-05 09:07:12,Chives,21.223583051445743
2025-04-04 20:45:36,Chives,23.458831674440095
2025-04-02 02:16:48,Spinach,27.574178953328065
2025-04-05 23:52:48,Spinach,24.10611682623226
2025-04-01 00:28:48,Chives,21.648769937914995
2025-04-01 00:21:36,Spinach,24.22367586675331
2025-04-04 14:45:36,Spinach,25.738440980815664
2025-04-02 07:33:36,Chives,20.463418537998564
2025-04-03 20:16:48,Spinach,24.365136787184447
2025-04-05 03:36:00,Spinach,25.849857307907868
2025-04-03 05:09:36,Chives,21.86631994073082
2025-04-01 00:14:24,Spinach,25.07155644390421
2025-04-01 09:14:24,Spinach,24.486261806840904
2025-04-05 04:26:24,Chives,20.502468938891813
2025-04-04 22:48:00,Spinach,22.749793036425107
2025-04-02 12:28:48,Chives,21.96864760905378
2025-04-02 19:48:00,Spinach,24.809764512367636
2025-04-03 18:50:24,Spinach,24.036185259183586
2025-04-02 13:33:36,Chives,23.220264454000958
2025-04-01 17:52:48,Chives,22.44547700984978
2025-04-01 17:45:36,Spinach,26.91340607586997
2025-04-02 01:33:36,Spinach,26.07390925233333
2025-04-03 20:52:48,Chives,23.244108371775233
2025-04-01 06:00:00,Chives,22.48612595409219
2025-04-03 18:14:24,Spinach,23.94642089589213
2025-04-04 15:07:12,Chives,22.02765089959809
2025-04-05 03:57:36,Chives,20.84830365234381
2025-04-02 21:14:24,Spinach,26.24788562487529
2025-04-01 13:48:00,Spinach,25.43795320295947
2025-04-01 19:55:12,Spinach,26.661127382212623
2025-04-03 08:24:00,Chives,21.587422454272534
2025-04-05 20:31:12,Chives,20.978422513787677
2025-04-04 06:21:36,Chives,20.340211136887493
2025-04-02 23:52:48,Chives,23.85672446796019
2025-04-03 13:19:12,Chives,21.924642835826294
2025-04-02 14:24:00,Chives,22.145493947489076
2025-04-01 02:16:48,Chives,19.88154444799706
2025-04-04 10:04:48,Chives,20.166808286662082
2025-04-01 04:12:00,Chives,20.168734525043465
2025-04-05 12:14:24,Chives,22.043117234402228
2025-04-04 21:21:36,Spinach,24.48483733057929
2025-04-05 03:14:24,Chives,21.215709959270097
2025-04-05 06:21:36,Spinach,26.102985008332002
2025-04-03 00:50:24,Chives,21.78643077246806
2025-04-05 14:24:00,Chives,23.610447624789657
2025-04-03 16:26:24,Chives,21.42316668365526
2025-04-04 18:57:36,Chives,20.71246332972818
2025-04-05 12:28:48,Spinach,24.871237427194924
2025-04-01 07:26:24,Spinach,26.378518840446525
2025-04-01 23:52:48,Spinach,26.63696851596861
2025-04-02 05:24:00,Chives,21.498248146238577
2025-04-03 01:55:12,Spinach,25.0684157498765
2025-04-01 15:14:24,Spinach,24.09486897997677
2025-04-04 22:04:48,Chives,22.83968567189656
2025-04-04 17:02:24,Spinach,25.08406259573582
2025-04-03 10:40:48,Chives,23.322459635424174
2025-04-01 18:28:48,Chives,22.439608709948022
2025-04-05 19:19:12,Chives,23.993728795198646
2025-04-05 06:21:36,Chives,23.78352479666133
2025-04-02 13:19:12,Spinach,25.981319559040344
2025-04-04 03:00:00,Chives,21.233176485353223
2025-04-04 10:12:00,Chives,23.069497645258583
2025-04-03 19:19:12,Spinach,24.103345985022614
2025-04-03 20:16:48,Chives,21.47272977393804
2025-04-05 12:57:36,Spinach,23.567289992321133
2025-04-01 02:02:24,Chives,22.471370998892912
2025-04-01 15:14:24,Chives,21.150553405595844
2025-04-02 17:31:12,Spinach,21.935294638117654
2025-04-02 09:28:48,Spinach,24.629060242957
2025-04-05 20:09:36,Spinach,24.766110063576782
2025-04-05 15:14:24,Chives,22.56581781259678
2025-04-05 21:36:00,Chives,23.178700237976248
2025-04-05 19:40:48,Spinach,25.66672535920414
2025-04-01 22:48:00,Chives,21.330227571899467
2025-04-01 16:40:48,Spinach,25.841407290773077
2025-04-05 23:02:24,Chives,21.629233926219104
2025-04-05 18:36:00,Spinach,26.64932571180498
2025-04-04 06:43:12,Spinach,25.202153171523538
2025-04-04 00:43:12,Chives,20.83931620134464
2025-04-01 21:36:00,Chives,22.93850102164751
2025-04-02 12:07:12,Chives,21.159728439704544
2025-04-03 11:31:12,Chives,20.444130768510316
2025-04-04 14:24:00,Spinach,25.6157269578113
2025-04-04 13:04:48,Spinach,23.83056483439523
2025-04-05 10:26:24,Spinach,25.508873253356906
2025-04-05 22:55:12,Spinach,25.90514959577629
2025-04-03 14:02:24,Chives,20.533667132802172
2025-04-05 22:04:48,Spinach,26.143750054451303
2025-04-01 08:16:48,Spinach,25.41580465807686
2025-04-03 09:07:12,Chives,22.86483544458365
2025-04-01 18:50:24,Chives,22.71074938136768
2025-04-02 05:09:36,Spinach,23.78229192316856
2025-04-01 23:24:00,Spinach,25.52856968555248
2025-04-01 01:55:12,Chives,20.480753319498366
2025-04-03 16:12:00,Spinach,23.086356319279844
2025-04-01 08:38:24,Spinach,25.092186269272307
2025-04-05 20:31:12,Spinach,21.471533638402864
2025-04-03 17:31:12,Chives,22.86560819077081
2025-04-03 16:40:48,Spinach,21.553285344062022
2025-04-04 06:57:36,Chives,22.297127141151783
2025-04-04 03:00:00,Spinach,26.29605767885758
2025-04-01 02:16:48,Spinach,25.5089991356823
2025-04-04 07:26:24,Spinach,22.453774121189685
2025-04-03 12:28:48,Spinach,24.795778452970087
2025-04-05 19:04:48,Chives,22.671562840025974
2025-04-05 09:43:12,Spinach,26.938699388257877
2025-04-02 09:57:36,Chives,20.143276751759725
2025-04-04 23:38:24,Chives,23.022251046058937
2025-04-04 03:07:12,Spinach,24.4632137252095
2025-04-02 03:00:00,Chives,23.63342589545105
2025-04-01 03:07:12,Chives,20.273509633866546
2025-04-04 20:24:00,Spinach,25.052322935646945
2025-04-03 04:26:24,Chives,19.929847812677664
2025-04-05 17:45:36,Spinach,26.3512603009266
2025-04-02 22:33:36,Spinach,25.03840497887892
2025-04-02 03:28:48,Chives,23.019396623402013
2025-04-01 04:26:24,Chives,19.060494814180338
2025-04-04 17:52:48,Chives,19.890008354727666
2025-04-01 05:24:00,Spinach,26.060391924984007
2025-04-02 23:45:36,Spinach,26.440496689533312
2025-04-03 08:16:48,Chives,21.13627263903298
2025-04-04 11:02:24,Spinach,26.04555675694869
2025-04-05 20:02:24,Spinach,24.818472059615786
2025-04-04 10:26:24,Chives,21.437768788675605
2025-04-05 05:09:36,Spinach,25.111413881369337
2025-04-04 04:40:48,Chives,20.057381841904576
2025-04-04 13:26:24,Spinach,22.392796544783156
2025-04-02 02:09:36,Spinach,23.997583536088293
2025-04-01 18:57:36,Spinach,26.178118584389914
2025-04-03 01:48:00,Spinach,26.113408153697485
2025-04-03 15:14:24,Spinach,26.851892233926627
2025-04-04 06:36:00,Spinach,24.645518307833164
2025-04-02 12:00:00,Spinach,24.198291455628343
2025-04-05 02:38:24,Spinach,24.730172821830305
2025-04-05 00:00:00,Chives,23.407425708963995
2025-04-04 00:21:36,Spinach,24.040969592019696
2025-04-01 19:12:00,Chives,20.537977494659017
2025-04-05 18:43:12,Chives,22.514088019566557
2025-04-01 22:19:12,Spinach,23.821015127754027
2025-04-05 02:31:12,Chives,24.11402116027837
2025-04-04 09:43:12,Spinach,24.9709652723309
2025-04-05 09:14:24,Chives,22.33568192745835
2025-04-05 13:33:36,Chives,24.366179919645212
2025-04-01 18:14:24,Chives,20.979962917632264
2025-04-05 08:24:00,Spinach,23.673154397816877
2025-04-04 21:07:12,Spinach,24.26587709091366
2025-04-03 13:04:48,Chives,20.753574825383442
2025-04-01 16:12:00,Spinach,26.156904601946028
2025-04-02 06:00:00,Spinach,25.39705627865735
2025-04-04 09:57:36,Spinach,25.389231138065924
2025-04-01 12:21:36,Chives,20.79658409616757
2025-04-03 05:24:00,Spinach,24.218371727449806
2025-04-03 05:09:36,Spinach,23.443801662452984
2025-04-03 22:19:12,Chives,21.310958650689635
2025-04-04 20:09:36,Spinach,25.147845768141384
2025-04-01 17:09:36,Spinach,25.15069174416585
2025-04-01 06:21:36,Chives,22.917514433261303
2025-04-01 18:07:12,Chives,22.519672314245465
2025-04-03 00:21:36,Chives,22.070470890647112
2025-04-05 17:02:24,Spinach,25.32295232949413
2025-04-02 00:50:24,Chives,22.770678926368312
2025-04-05 11:16:48,Spinach,24.893964448953597
2025-04-01 14:38:24,Spinach,25.76647626643502
2025-04-05 10:48:00,Spinach,25.655541097604438
2025-04-01 00:57:36,Chives,21.295788421097573
2025-04-01 01:40:48,Spinach,27.083156563798298
2025-04-05 12:43:12,Spinach,23.1149486175178
2025-04-01 07:12:00,Spinach,25.926038452778013
2025-04-03 06:14:24,Chives,20.521410930496685
2025-04-02 06:21:36,Chives,23.54869789082672
2025-04-02 15:14:24,Spinach,24.827094933134063
2025-04-05 11:31:12,Chives,21.74932287952472
2025-04-04 15:57:36,Spinach,24.63618426059887
2025-04-05 09:36:00,Chives,25.790398638810434
2025-04-03 23:24:00,Spinach,23.788323154348074
2025-04-05 10:33:36,Spinach,24.4313927835149
2025-04-04 02:45:36,Chives,24.018130069232466
2025-04-02 17:24:00,Chives,22.348074906036455
2025-04-04 12:14:24,Spinach,25.761665762274124
2025-04-02 07:26:24,Chives,17.138098989896392
2025-04-04 04:04:48,Spinach,24.59826960147215
2025-04-02 14:31:12,Spinach,25.635631305228078
2025-04-03 04:33:36,Spinach,25.589169941965903
2025-04-01 18:00:00,Chives,22.375739275518814
2025-04-03 08:38:24,Chives,19.727213406702173
2025-04-04 04:48:00,Chives,21.49632295106481
2025-04-05 21:50:24,Spinach,24.24793933049204
2025-04-05 09:50:24,Spinach,23.518781353744092
2025-04-03 18:00:00,Chives,22.12988468120935
2025-04-04 21:28:48,Spinach,24.169094824151372
2025-04-05 15:21:36,Chives,24.34828604385151
2025-04-03 10:33:36,Chives,24.530712452608846
2025-04-05 01:19:12,Spinach,25.176151614382658
2025-04-01 20:31:12,Spinach,25.33742970876325
2025-04-01 17:31:12,Chives,20.144573933682878
2025-04-04 12:28:48,Spinach,25.491782388314213
2025-04-05 15:21:36,Spinach,26.321151561998285
2025-04-03 00:14:24,Chives,22.007865549577275
2025-04-05 18:28:48,Chives,21.876773232411146
2025-04-05 09:14:24,Spinach,24.748933751506566
2025-04-04 07:04:48,Chives,21.783459382114085
2025-04-02 20:38:24,Spinach,23.353718628482373
2025-04-03 07:33:36,Chives,22.320969866101333
2025-04-02 17:52:48,Spinach,24.73028151772878
2025-04-01 22:19:12,Chives,22.709856436860317
2025-04-01 17:38:24,Spinach,23.271938940886848
2025-04-02 02:52:48,Spinach,24.77765480934675
2025-04-04 00:57:36,Chives,19.331919626643582
2025-04-01 17:09:36,Chives,22.276950787798455
2025-04-04 18:07:12,Chives,19.972473091575498
2025-04-03 16:04:48,Spinach,24.44075619775811
2025-04-05 21:43:12,Chives,22.638186342677447
2025-04-01 23:38:24,Chives,22.230587658918292
2025-04-04 03:57:36,Spinach,26.235952981097395
2025-04-05 09:57:36,Chives,23.56624131560361
2025-04-02 09:28:48,Chives,21.42202960470736
2025-04-02 11:09:36,Chives,23.274403145531537
2025-04-05 02:45:36,Spinach,24.219996903011847
2025-04-03 00:00:00,Chives,19.60835851180845
2025-04-01 14:38:24,Chives,24.10419146640415
2025-04-02 00:50:24,Spinach,24.20451889893886
2025-04-02 00:14:24,Chives,23.624576864762915
2025-04-03 07:26:24,Spinach,24.74917209125677
2025-04-05 04:12:00,Chives,22.35132209880478
2025-04-02 05:31:12,Chives,21.287582033258566
2025-04-03 04:40:48,Spinach,25.88185334325978
2025-04-04 18:21:36,Spinach,22.803240523772253
2025-04-05 12:07:12,Spinach,24.59941661229279
2025-04-04 12:50:24,Spinach,27.279858321874258
2025-04-05 09:36:00,Spinach,26.157821959716948
2025-04-01 18:21:36,Spinach,23.412292247911
2025-04-04 07:19:12,Spinach,24.858317767610707
2025-04-03 03:07:12,Spinach,27.467448555928385
2025-04-02 22:04:48,Chives,20.861301007669454
2025-04-04 18:57:36,Spinach,26.934733909586374
2025-04-05 06:28:48,Chives,24.13075637198478
2025-04-03 22:40:48,Spinach,25.10337265965565
2025-04-02 02:16:48,Chives,22.122811209079483
2025-04-04 04:55:12,Chives,24.50353228793409
2025-04-01 00:07:12,Chives,21.792603548243225
2025-04-01 13:26:24,Chives,22.09034531491154
2025-04-04 11:45:36,Chives,23.38604052881035
2025-04-05 13:48:00,Spinach,24.348791440319175
2025-04-05 18:07:12,Chives,22.528083094771446
2025-04-04 05:45:36,Spinach,26.4248632618777
2025-04-04 04:19:12,Spinach,23.853852904780776
2025-04-05 10:12:00,Spinach,25.336193390583528
2025-04-03 01:12:00,Spinach,26.59383297021887
2025-04-03 01:04:48,Spinach,24.699000380253942
2025-04-03 15:57:36,Spinach,24.8228768964416
2025-04-02 10:55:12,Spinach,27.99159942091935
2025-04-05 00:57:36,Spinach,23.10257115756144
2025-04-03 04:55:12,Chives,21.950957877858862
2025-04-03 14:24:00,Spinach,26.465240434630424
2025-04-01 16:19:12,Spinach,26.42736458670957
2025-04-04 13:48:00,Spinach,24.89136006123501
2025-04-02 06:43:12,Spinach,27.007086864205245
2025-04-05 07:33:36,Spinach,22.901761632114184
2025-04-04 03:43:12,Spinach,23.98437201401095
2025-04-04 11:24:00,Spinach,27.32671479886994
2025-04-02 23:38:24,Spinach,23.83406315378722
2025-04-04 07:33:36,Chives,21.184862843299353
2025-04-05 04:12:00,Spinach,25.433804230247322
2025-04-02 06:50:24,Spinach,25.502822811239255
2025-04-04 20:45:36,Spinach,25.233528946284693
2025-04-04 12:00:00,Spinach,25.42075611912827
2025-04-02 14:02:24,Chives,21.534599865109815
2025-04-04 05:45:36,Chives,21.653598204686983
2025-04-03 04:04:48,Spinach,24.799453943456307
2025-04-03 09:28:48,Spinach,24.475050039611908
2025-04-04 13:04:48,Chives,24.544684552435058
2025-04-02 21:50:24,Spinach,27.588769855918603
2025-04-02 09:50:24,Spinach,25.849730412026307
2025-04-05 20:38:24,Chives,23.260965323483088
2025-04-04 03:14:24,Chives,21.81131961985053
2025-04-04 03:50:24,Chives,21.762988152131516
2025-04-02 12:43:12,Spinach,25.033817388842955
2025-04-03 00:00:00,Spinach,23.74370682078167
2025-04-03 00:57:36,Spinach,24.612784193389437
2025-04-02 05:45:36,Spinach,25.280543094148896
2025-04-05 18:14:24,Spinach,23.91312123896486
2025-04-02 06:28:48,Spinach,26.47320279096795
2025-04-03 11:31:12,Spinach,27.473804291963678
2025-04-02 20:31:12,Spinach,27.05405017617081
2025-04-03 15:28:48,Spinach,23.656459080053185
2025-04-04 07:33:36,Spinach,24.27061361548668
2025-04-02 18:28:48,Spinach,24.308187519127937
2025-04-05 15:00:00,Spinach,23.896738490096293
2025-04-05 12:00:00,Spinach,25.836345285412882
2025-04-04 05:09:36,Spinach,25.54284615549968
2025-04-05 05:45:36,Spinach,26.163348640632083
2025-04-04 23:24:00,Chives,23.579729279999356
2025-04-04 05:24:00,Chives,21.590914645378493
2025-04-01 01:26:24,Spinach,27.49031304715032
2025-04-05 04:40:48,Spinach,24.75025977127295
2025-04-03 18:43:12,Chives,21.26859066389126
2025-04-04 09:43:12,Chives,20.306422343174155
2025-04-03 21:14:24,Chives,23.15629779083045
2025-04-01 13:04:48,Spinach,27.296837624640144
2025-04-02 07:55:12,Spinach,24.86652872638156
2025-04-04 14:38:24,Spinach,25.886572577065003
2025-04-01 21:57:36,Spinach,23.115399275652187
2025-04-03 14:52:48,Chives,20.855111265186224
2025-04-01 07:04:48,Spinach,24.555262801496674
2025-04-03 16:48:00,Chives,23.253538168097712
2025-04-01 23:16:48,Spinach,23.088407519761997
2025-04-04 09:21:36,Spinach,26.19797307777755
2025-04-04 17:45:36,Chives,21.08272329551208
2025-04-05 06:07:12,Spinach,27.130373071131412
2025-04-03 03:36:00,Spinach,25.368888037370922
2025-04-03 10:04:48,Chives,20.865473882073545
2025-04-04 18:50:24,Spinach,26.143449456643527
2025-04-01 11:24:00,Chives,19.80472757780182
2025-04-01 02:24:00,Spinach,25.6274025856426
2025-04-03 19:33:36,Chives,21.51096470174824
2025-04-02 07:40:48,Spinach,25.203232988843293
2025-04-04 17:02:24,Chives,21.06277213345648
2025-04-05 07:33:36,Chives,24.693816509643284
2025-04-03 23:45:36,Spinach,25.02495244921049
2025-04-04 13:40:48,Spinach,24.357606176855292
2025-04-03 10:04:48,Spinach,25.269621670902264
2025-04-05 10:55:12,Chives,22.760911046660947
2025-04-03 21:14:24,Spinach,26.397687225348605
2025-04-01 04:33:36,Spinach,25.269342182271966
2025-04-02 00:43:12,Chives,22.77255290081299
2025-04-02 23:02:24,Chives,20.019650189469036
2025-04-04 23:16:48,Chives,20.378415189387606
2025-04-05 08:24:00,Chives,21.734579158758926
2025-04-02 23:38:24,Chives,24.03080856124812
2025-04-04 19:55:12,Chives,21.947517264254557
2025-04-05 04:55:12,Spinach,22.741781145402832
2025-04-02 04:55:12,Spinach,24.755703567877166
2025-04-01 03:21:36,Spinach,25.7362215672765
2025-04-04 23:02:24,Spinach,24.80784064532003
2025-04-04 05:02:24,Chives,21.61061297295459
2025-04-05 10:55:12,Spinach,25.007706723773126
2025-04-04 01:26:24,Chives,22.41995293947973
2025-04-04 19:26:24,Spinach,25.09052036668191
2025-04-05 19:12:00,Chives,22.964084139801315
2025-04-03 20:24:00,Spinach,25.953117615546194
2025-04-04 15:00:00,Chives,21.72402499547098
2025-04-04 09:57:36,Chives,22.73406184184188
2025-04-01 11:45:36,Chives,22.00767018496369
2025-04-05 00:28:48,Chives,21.348255658851528
2025-04-04 18:07:12,Spinach,25.81345038343709
2025-04-03 23:38:24,Spinach,27.46899456365404
2025-04-03 00:43:12,Chives,20.39856935592611
2025-04-03 12:14:24,Chives,19.90214863927129
2025-04-01 08:31:12,Spinach,25.572448992667745
2025-04-01 06:43:12,Spinach,24.969335114810267
2025-04-05 15:28:48,Chives,21.90137460839052
2025-04-04 21:28:48,Chives,22.93100814632602
2025-04-02 00:00:00,Chives,22.536681040522424
2025-04-01 16:04:48,Chives,20.620863648649294
2025-04-01 06:07:12,Spinach,25.47496424012489
2025-04-01 04:48:00,Chives,23.107699869993116
2025-04-01 02:02:24,Spinach,24.419336999134813
2025-04-02 03:36:00,Chives,20.904450052424295
2025-04-03 13:33:36,Spinach,22.76015605951233
2025-04-04 23:31:12,Spinach,24.61713527720006
2025-04-02 21:21:36,Chives,25.28470439982651
2025-04-02 10:33:36,Chives,22.42148780160255
2025-04-03 02:09:36,Chives,23.76894577609574
2025-04-04 11:45:36,Spinach,25.6166894195907
2025-04-02 22:55:12,Chives,22.737878757259757
2025-04-03 23:02:24,Chives,22.71846973861959
2025-04-03 14:38:24,Spinach,24.728219081380203
2025-04-01 19:26:24,Spinach,23.332513039883686
2025-04-01 10:19:12,Spinach,26.23634014483821
2025-04-03 11:24:00,Spinach,27.407311465790947
2025-04-04 05:38:24,Chives,21.918557700223282
2025-04-01 18:14:24,Spinach,24.233245902772598
2025-04-02 20:02:24,Spinach,23.880078449112165
2025-04-03 14:24:00,Chives,19.495892078317944
2025-04-05 07:26:24,Spinach,25.952186464662656
2025-04-01 07:40:48,Chives,23.218788733591296
2025-04-05 04:19:12,Spinach,23.627528551215207
2025-04-01 01:40:48,Chives,19.41262325123045
2025-04-01 21:36:00,Spinach,25.215872981384173
2025-04-01 07:40:48,Spinach,24.56507087031624
2025-04-03 11:02:24,Chives,22.116052461471426
2025-04-02 21:28:48,Chives,20.78755257196727
2025-04-01 22:26:24,Chives,21.890756631014693
2025-04-04 19:33:36,Chives,21.855910150413024
2025-04-02 01:55:12,Chives,20.840762178193643
2025-04-04 22:55:12,Chives,22.311531530744666
2025-04-01 09:07:12,Spinach,23.132101721608297
2025-04-05 09:21:36,Chives,21.975365655890872
2025-04-02 16:26:24,Chives,21.51792123752051
2025-04-04 20:38:24,Spinach,24.252820765918656
2025-04-04 14:16:48,Chives,21.9145815644184
2025-04-04 17:45:36,Spinach,25.227497939918493
2025-04-02 11:24:00,Chives,20.96063560710902
2025-04-04 15:00:00,Spinach,26.303178539410037
2025-04-01 01:55:12,Spinach,24.21829839566266
2025-04-02 09:00:00,Spinach,25.170060296367886
2025-04-04 18:00:00,Spinach,21.756121248400916
2025-04-03 10:12:00,Spinach,26.119108998247707
2025-04-03 06:36:00,Chives,20.810690751606483
2025-04-05 23:31:12,Spinach,24.968174488901127
2025-04-05 01:48:00,Chives,19.77165944044454
2025-04-05 10:19:12,Spinach,24.028475776094023
2025-04-02 08:16:48,Chives,22.196110865929136
2025-04-05 23:24:00,Chives,21.578349560671068
2025-04-02 00:07:12,Chives,22.841176789552353
2025-04-01 19:19:12,Chives,23.18062690561368
2025-04-03 21:28:48,Spinach,24.027697075582743
2025-04-04 15:28:48,Chives,20.83254291189653
2025-04-03 00:07:12,Chives,21.10093746556934
2025-04-04 12:14:24,Chives,20.94348446418586
2025-04-03 12:00:00,Spinach,25.934033291399967
2025-04-05 05:24:00,Spinach,23.76678983088885
2025-04-04 23:24:00,Spinach,24.097636801913417
2025-04-01 15:28:48,Spinach,25.394514892364178
2025-04-03 19:48:00,Chives,21.387886940467673
2025-04-03 01:33:36,Spinach,27.5980028138813
2025-04-01 02:31:12,Spinach,24.311559995273704
2025-04-01 03:00:00,Spinach,25.523588403608837
2025-04-03 01:19:12,Spinach,25.66747601128079
2025-04-05 11:24:00,Spinach,24.555986764141448
2025-04-03 22:12:00,Spinach,25.831726728715772
2025-04-01 12:28:48,Spinach,26.32981938008502
2025-04-02 00:36:00,Chives,20.593262440127315
2025-04-01 04:04:48,Chives,23.233817368154785
2025-04-04 21:00:00,Chives,19.644662920164315
2025-04-03 12:57:36,Chives,22.07278244191724
2025-04-03 06:07:12,Spinach,27.042657933562285
2025-04-03 09:21:36,Spinach,23.93500938663748
2025-04-05 20:24:00,Spinach,25.712268066737035
2025-04-02 22:48:00,Spinach,25.55196657152694
2025-04-01 10:55:12,Chives,23.452967485799334
2025-04-02 19:33:36,Spinach,23.832317270942134
2025-04-05 11:38:24,Chives,22.220070529649984
2025-04-03 19:40:48,Chives,23.801820883245917
2025-04-02 20:16:48,Spinach,23.938236743167717
2025-04-04 21:07:12,Chives,20.909294236262696
2025-04-02 04:55:12,Chives,21.827895337799653
2025-04-01 01:33:36,Chives,19.130079633013302
2025-04-02 13:48:00,Chives,22.03150576244914
2025-04-04 00:00:00,Chives,23.135482924968027
2025-04-02 22:26:24,Chives,24.81425625882383
2025-04-02 11:38:24,Spinach,24.65167054697362
2025-04-01 19:55:12,Chives,23.233090239991736
2025-04-05 04:48:00,Chives,21.92580443552135
2025-04-01 02:24:00,Chives,24.19847315338233
2025-04-04 05:31:12,Chives,17.954670035587643
2025-04-05 05:02:24,Spinach,24.341530110710845
2025-04-03 12:57:36,Spinach,25.106088263550216
2025-04-01 18:28:48,Spinach,26.970418192163642
2025-04-03 15:21:36,Spinach,24.41338069385647
2025-04-05 03:43:12,Chives,20.6220220802737
2025-04-02 08:02:24,Spinach,23.91531083024225
2025-04-03 22:48:00,Spinach,23.713433185617273
2025-04-05 11:52:48,Spinach,24.645423618365008
2025-04-03 19:26:24,Chives,23.30668705514754
2025-04-05 18:07:12,Spinach,26.51430580085679
2025-04-04 10:19:12,Chives,21.6395119027628
2025-04-05 18:50:24,Chives,22.685129828730677
2025-04-01 22:40:48,Chives,19.727729162971205
2025-04-05 00:43:12,Spinach,25.32055198121378
2025-04-05 21:00:00,Chives,19.165688903581703
2025-04-04 11:52:48,Chives,21.722646795335518
2025-04-03 11:52:48,Spinach,25.71103233904142
2025-04-04 12:36:00,Spinach,24.71049081445775
2025-04-03 13:12:00,Chives,22.405685238669758
2025-04-01 09:50:24,Spinach,24.61403793853914
2025-04-03 08:52:48,Chives,24.467451570251924
2025-04-03 22:04:48,Spinach,25.51457980039669
2025-04-05 06:43:12,Chives,20.751466640343658
2025-04-04 17:38:24,Chives,20.866925601470015
2025-04-02 06:14:24,Chives,25.18323429551895
2025-04-01 02:31:12,Chives,21.661335549270195
2025-04-02 16:26:24,Spinach,24.637036376214247
2025-04-03 07:04:48,Chives,20.203183161116726
2025-04-01 22:04:48,Spinach,23.812446236115594
2025-04-02 09:07:12,Chives,22.298589543360205
2025-04-05 18:36:00,Chives,23.675943747382192
2025-04-02 01:48:00,Spinach,26.49729048720848
2025-04-02 22:12:00,Chives,22.225590679714312
2025-04-05 00:36:00,Chives,21.53624181479704
2025-04-03 04:26:24,Spinach,26.92881469122399
2025-04-03 13:48:00,Spinach,24.85390298994006
2025-04-02 17:09:36,Chives,21.239585236943306
2025-04-04 20:16:48,Chives,24.718672836995392
2025-04-02 15:50:24,Spinach,24.74386855488375
2025-04-04 10:12:00,Spinach,26.425215266153877
2025-04-01 15:36:00,Chives,19.674004853400803
2025-04-04 10:26:24,Spinach,25.241391587047406
2025-04-05 08:31:12,Chives,20.80255413319232
2025-04-01 14:45:36,Spinach,23.62839410472342
2025-04-02 23:31:12,Spinach,23.383448452564366
2025-04-01 10:26:24,Chives,22.493126664489527
2025-04-03 09:50:24,Spinach,27.072356621480086
2025-04-02 15:36:00,Chives,21.981629840729628
2025-04-02 04:33:36,Spinach,25.68277969502233
2025-04-03 07:55:12,Chives,22.921250050065137
2025-04-01 14:31:12,Chives,20.63591881780789
2025-04-04 04:33:36,Spinach,27.475029903091773
2025-04-01 05:16:48,Spinach,24.792847240071016
2025-04-04 14:52:48,Spinach,23.877473557546487
2025-04-01 11:24:00,Spinach,24.903140103869703
2025-04-01 15:36:00,Spinach,25.385628658540327
2025-04-02 11:16:48,Spinach,25.09819523025708
2025-04-05 07:12:00,Chives,22.30438453127695
2025-04-03 07:04:48,Spinach,25.80781762152395
2025-04-01 15:07:12,Spinach,25.36316255828684
